CÓDIGO,Día,1968,1969,1970,1971,1972,1973,1974,1975,1976,1977,1978,1979,1980,1981,1982,1983,1984,1985,1986,1987,1988,1989,1990,1991,1992,1993,1994,1995,1996,1997,1998,1999,2000,2001,2002,2003,2004,2005,2006,2007,2008,2009,2010,2011,2012,2013,2014,2015,2016,2017,2018,2019,2020,2021,2022,2023,2024,PROM. TOTAL
1,1,,17.8,19.0,17.1,18.2,20.8,16.8,17.4,18.6,21.2,18.6,18.4,18.5,19.4,19.0,23.2,,,18.0,21.0,18.8,18.1,18.8,19.5,20.2,19.2,19.4,20.9,19.5,18.8,23.2,20.0,19.2,18.4,18.4,20.0,19.0,19.5,20.4,19.8,18.6,18.8,19.9,18.1,19.7,20.1,19.1,18.2,,18.6,,,,,,,,19.243478260869566
1,2,,18.5,19.2,16.5,19.0,20.9,17.4,19.8,17.1,20.5,18.8,17.8,18.6,18.1,18.4,23.3,,17.8,18.8,21.2,18.9,18.2,18.0,19.8,20.0,17.7,18.6,21.0,19.7,19.3,22.5,19.6,19.5,18.4,17.7,19.8,19.1,19.4,19.6,20.0,18.2,19.6,20.0,18.9,19.1,19.8,19.2,19.4,,18.8,,,,,,,,19.180851063829788
1,3,,17.4,19.8,16.8,18.0,21.2,16.0,17.4,18.3,20.0,19.3,17.8,18.8,18.1,18.4,23.6,,19.4,18.6,20.9,18.8,18.1,18.5,18.8,19.4,18.1,20.0,20.9,20.3,19.9,22.2,19.8,19.0,19.9,19.0,19.7,19.6,19.3,19.3,20.1,18.9,19.2,19.8,19.3,20.6,19.9,19.4,18.6,,18.6,,,,,,,,19.251063829787235
1,4,,18.9,20.3,17.0,19.3,21.3,17.7,18.0,17.9,20.5,19.6,18.6,18.8,18.4,20.0,22.5,,19.9,19.0,21.4,18.8,18.4,18.9,19.2,19.9,19.0,19.7,21.3,19.5,19.5,22.1,19.0,19.4,18.9,18.4,19.9,18.8,19.2,19.5,20.8,18.4,20.0,19.9,17.8,20.5,19.2,19.7,18.8,19.5,19.0,,,,,,,,19.418749999999996
1,5,,17.8,19.9,17.5,18.0,21.3,17.7,19.0,18.1,20.6,19.0,19.6,18.8,18.9,20.0,23.4,,18.8,19.0,21.3,19.1,18.2,18.3,20.0,20.0,18.9,18.4,20.4,19.0,20.1,21.9,19.5,19.4,19.5,19.2,20.2,18.9,19.9,19.9,20.1,18.4,19.4,20.7,17.3,21.5,19.3,19.8,19.4,21.6,18.2,,,,,,,,19.48333333333333
1,6,,17.5,19.3,17.8,18.2,21.2,18.1,17.5,18.6,21.0,19.2,18.8,18.7,17.8,19.5,24.0,,19.8,18.0,20.9,19.8,18.5,19.7,20.2,20.4,18.4,19.2,20.1,18.8,19.0,23.9,19.1,18.8,18.7,19.0,20.0,18.8,20.0,19.5,20.2,19.8,20.2,20.8,18.2,20.1,19.2,20.8,19.4,21.7,20.8,,,,,,,,19.562499999999996
1,7,,18.6,18.8,17.4,18.8,21.9,17.8,17.4,17.6,21.7,19.3,19.0,18.9,18.4,18.6,23.2,,18.5,18.4,21.2,19.9,18.3,19.4,19.9,20.8,18.8,19.2,20.7,18.4,19.5,24.5,18.6,19.8,19.5,18.9,19.9,19.9,19.9,18.9,19.3,19.1,19.9,20.4,18.3,20.3,19.3,21.0,19.6,21.3,19.0,,,,,,,,19.53749999999999
1,8,,18.6,18.7,18.0,18.2,22.2,17.8,18.8,17.3,20.8,18.9,18.7,19.0,19.0,19.7,23.6,,19.6,18.0,20.9,20.2,18.0,18.5,19.6,20.7,18.5,19.4,21.0,18.8,20.7,24.4,19.0,20.4,19.1,19.7,19.8,20.5,20.1,18.8,20.0,19.0,20.0,20.1,18.6,19.4,19.3,21.7,19.8,20.8,18.2,,,,,,,,19.622916666666665
1,9,,18.0,19.0,17.4,21.0,21.9,18.4,18.1,18.8,21.0,18.8,19.0,18.8,18.8,17.1,23.7,,19.0,18.8,20.2,20.0,19.6,19.8,19.8,21.2,19.4,18.4,20.5,18.4,20.2,24.2,19.0,19.1,19.2,19.3,20.0,20.5,19.8,19.2,21.0,19.5,19.5,20.7,18.5,19.4,19.8,20.8,19.2,21.0,18.0,,,,,,,,19.64166666666667
1,10,,17.9,19.0,17.6,20.4,22.0,17.1,18.5,17.4,21.6,18.8,19.5,19.2,17.8,19.0,24.2,,20.1,19.4,20.4,19.7,18.4,19.0,19.4,21.5,18.0,18.7,20.6,19.1,20.4,24.8,19.7,20.1,20.1,18.1,20.1,20.2,20.2,20.2,19.8,20.7,19.5,20.5,18.6,18.6,20.1,20.4,19.6,21.2,19.0,,,,,,,,19.712500000000006
1,11,,18.3,18.9,17.5,20.8,21.8,17.5,18.0,18.4,22.3,19.4,19.2,19.3,18.3,19.2,24.3,,20.4,19.8,20.6,19.8,18.8,19.5,18.3,20.5,18.8,18.7,20.2,18.8,19.2,24.4,19.2,20.1,20.3,18.7,20.5,21.0,21.1,19.9,20.5,19.5,19.1,20.8,18.6,19.6,20.5,20.2,19.5,21.2,20.2,,,,,,,,19.822916666666675
1,12,,18.5,19.4,17.5,19.4,21.5,17.9,18.2,18.1,21.6,18.9,20.7,19.9,19.8,19.2,24.2,,20.1,20.0,20.2,19.8,17.9,20.0,17.9,20.8,17.9,18.8,21.2,19.2,19.8,23.8,19.0,19.9,19.7,19.0,20.4,19.9,20.7,20.7,20.1,19.8,20.0,21.0,18.7,18.7,20.4,21.2,19.7,21.8,19.6,,,,,,,,19.84375
1,13,,19.4,19.3,16.8,19.6,21.7,18.9,17.4,17.6,22.5,18.9,20.1,20.1,17.2,17.7,23.5,,20.0,20.2,19.8,19.6,18.5,20.4,17.9,20.7,19.2,20.2,20.7,19.6,20.3,24.5,19.1,19.1,21.0,19.6,20.6,20.8,20.4,20.4,20.4,20.6,19.8,20.7,19.0,19.2,20.3,20.9,20.0,21.4,19.4,,,,,,,,19.89583333333333
1,14,,19.4,19.8,17.4,19.0,21.5,18.3,17.7,17.7,22.6,19.1,19.6,19.4,18.5,18.3,23.4,,19.2,21.1,20.3,19.8,19.0,19.5,17.4,20.1,20.0,20.1,20.8,18.8,20.8,24.3,18.8,18.7,20.0,19.9,20.6,20.6,21.2,20.0,21.0,20.0,20.2,21.3,19.5,18.8,19.9,21.4,19.8,21.4,19.6,,,,,,,,19.908333333333328
1,15,,20.7,19.8,16.4,18.2,22.4,17.6,17.7,18.1,21.2,17.7,20.2,20.9,17.0,18.2,24.1,,19.4,20.1,20.5,20.3,18.2,19.4,18.9,19.6,19.1,19.5,22.0,18.2,19.5,24.7,19.0,19.0,19.2,19.1,20.6,19.8,21.3,19.5,21.2,20.5,20.2,20.5,19.3,19.1,20.9,21.1,19.4,21.6,19.8,,,,,,,,19.806250000000002
1,16,,19.8,21.0,18.5,18.2,22.8,18.2,18.0,18.9,20.8,17.4,19.6,21.4,18.1,18.1,23.6,,19.2,19.3,20.5,19.8,18.5,19.6,18.3,20.9,18.9,20.1,21.5,18.2,20.8,24.8,18.6,19.8,19.1,19.9,20.7,21.0,21.6,20.2,20.9,20.8,20.1,20.9,19.6,19.2,21.3,21.8,19.4,21.2,20.4,,,,,,,,20.027083333333334
1,17,,19.9,19.3,18.7,19.4,22.1,18.6,18.0,18.6,21.2,18.2,18.0,20.4,19.1,18.8,24.4,,20.0,19.1,20.4,19.2,18.2,18.9,19.0,20.4,17.7,20.5,21.1,19.2,19.6,24.5,18.4,20.3,20.3,19.8,21.4,20.3,21.7,20.2,21.1,20.6,20.0,20.7,19.2,19.8,20.9,21.8,19.4,21.2,19.8,,,,,,,,19.987499999999994
1,18,,19.8,20.0,18.5,19.6,22.0,19.0,18.2,19.0,21.0,18.2,19.6,20.7,18.3,19.8,24.3,,20.0,18.7,20.5,20.1,19.0,18.5,19.1,20.5,18.3,20.8,21.2,19.8,20.0,25.0,19.5,20.3,19.9,19.7,22.0,21.7,21.2,20.5,21.6,20.0,20.8,21.2,19.5,19.0,19.8,21.7,19.8,21.6,22.0,,,,,,,,20.23541666666667
1,19,,21.0,19.4,18.0,19.4,22.2,18.8,18.7,17.1,20.8,18.8,19.6,20.0,18.0,19.5,24.4,,20.2,18.3,20.6,19.1,18.5,19.6,20.1,21.8,19.7,20.8,20.9,19.1,20.5,25.0,20.0,19.8,19.8,19.8,21.5,20.7,20.5,20.6,21.4,20.3,19.7,20.7,19.4,18.8,19.2,21.9,19.6,21.2,20.7,,,,,,,,20.114583333333336
1,20,,20.6,20.0,18.2,18.8,22.0,18.4,19.2,18.2,20.5,19.4,18.9,20.4,18.6,19.0,25.0,,18.6,18.1,20.7,20.0,18.6,19.4,19.8,21.0,20.8,19.9,21.2,18.4,18.3,25.0,19.3,19.7,19.5,20.0,21.0,21.2,21.6,19.9,21.1,21.1,21.3,20.4,19.1,19.2,19.8,20.8,19.8,21.3,22.4,,,,,,,,20.114583333333332
1,21,,20.8,20.3,19.0,19.0,22.0,18.2,18.6,18.3,20.4,19.5,19.5,20.4,19.5,20.4,24.4,,19.5,18.4,21.4,19.5,18.8,19.1,20.3,21.3,19.5,20.6,21.2,18.8,19.0,24.5,18.3,19.5,19.8,20.0,20.8,20.5,21.7,19.8,20.9,20.7,20.6,20.5,18.9,19.2,19.8,21.8,19.8,22.6,22.4,,,,,,,,20.204166666666662
1,22,,20.9,19.3,18.8,19.0,22.1,17.5,18.5,18.0,21.5,19.7,20.0,20.5,18.7,19.5,25.0,,18.2,19.0,21.4,19.9,18.9,19.1,19.1,21.4,20.2,21.2,21.2,18.4,19.3,24.7,18.9,20.2,19.9,19.9,20.6,20.0,21.1,20.0,21.0,20.8,20.8,20.7,18.8,19.0,21.0,21.1,19.8,21.7,22.8,,,,,,,,20.189583333333328
1,23,,20.9,19.8,18.0,19.5,22.3,19.1,18.1,18.9,22.0,20.0,20.2,20.8,19.6,19.8,24.8,,18.0,18.4,20.4,20.1,19.0,19.3,19.4,21.2,21.2,20.5,21.3,18.1,20.0,25.2,19.3,19.8,20.0,19.9,21.2,19.3,21.4,19.3,20.4,21.1,20.0,21.0,19.2,18.3,20.5,22.0,20.0,22.0,22.6,,,,,,,,20.274999999999995
1,24,,20.0,19.1,18.8,19.8,22.3,19.0,16.9,19.1,20.0,19.8,20.3,20.6,18.4,20.2,24.8,,18.7,20.3,21.0,20.2,18.8,19.8,18.9,20.4,20.0,21.0,21.6,19.6,20.1,24.4,19.1,20.1,19.1,20.3,20.9,19.0,21.7,19.3,20.4,21.1,20.0,20.8,18.8,18.9,20.4,21.2,20.1,21.5,22.6,,,,,,,,20.191666666666666
1,25,,20.4,19.6,18.0,19.5,22.8,19.5,16.8,19.0,20.0,19.5,20.4,19.6,19.1,20.2,24.4,,18.3,20.2,20.7,20.1,19.1,20.2,19.7,20.8,20.9,20.6,21.6,19.7,21.1,24.5,19.7,19.5,19.8,19.7,21.4,19.8,20.5,19.1,21.2,21.4,20.5,21.8,18.9,19.6,20.3,21.3,19.8,21.2,23.2,,,,,,,,20.3125
1,26,,20.0,18.5,19.1,19.0,22.5,20.0,19.6,19.4,19.4,19.4,20.4,20.4,19.0,20.5,24.8,,20.3,20.4,20.5,19.7,19.8,20.6,19.1,21.0,20.8,19.7,21.9,18.5,20.5,24.5,20.5,21.2,20.6,19.5,21.5,20.6,19.1,18.8,21.2,22.4,21.0,21.5,19.4,18.8,20.9,21.0,20.0,22.4,24.0,,,,,,,,20.493750000000002
1,27,,19.4,18.6,19.4,18.7,22.5,19.8,17.9,20.6,20.4,19.4,21.2,20.9,19.8,20.8,24.7,,19.5,20.1,22.1,20.1,20.0,19.5,19.0,21.4,21.0,19.6,21.5,19.0,20.6,24.4,19.4,20.5,20.6,19.1,21.6,21.0,19.7,18.7,20.6,21.2,20.1,21.5,20.3,19.1,21.4,21.5,20.0,21.8,23.8,,,,,,,,20.495833333333337
1,28,,20.4,18.6,19.4,18.5,22.3,19.0,19.0,21.0,21.0,19.7,20.8,21.1,18.7,19.1,24.6,,17.5,19.8,21.5,20.0,19.1,19.2,19.1,20.8,20.2,19.8,22.0,17.7,20.0,24.5,19.4,20.1,19.2,19.5,21.7,21.2,18.7,18.6,20.4,20.2,19.8,21.9,21.7,18.9,20.4,20.5,20.8,22.8,24.0,,,,,,,,20.295833333333338
1,29,,19.5,17.3,20.0,18.0,22.3,19.5,19.0,21.3,20.8,19.6,20.5,20.2,18.6,19.7,24.2,,18.2,19.5,21.0,20.0,19.8,19.3,19.2,21.0,21.0,19.6,21.5,18.5,19.2,24.3,20.3,21.0,19.2,19.4,20.4,20.9,19.7,19.0,21.0,20.9,20.9,21.2,21.2,19.1,20.4,20.2,20.6,22.8,22.6,,,,,,,,20.27916666666667
1,30,,20.0,18.4,19.1,19.6,22.2,18.9,18.2,20.8,21.2,19.7,20.8,20.6,19.8,20.0,24.4,,18.7,20.5,21.3,19.8,20.2,19.2,18.9,20.9,21.0,19.8,21.6,20.7,20.1,24.4,19.5,21.6,19.0,19.7,21.1,20.3,19.9,19.7,20.2,21.4,21.1,21.4,20.5,18.5,19.7,21.1,20.6,22.6,24.2,,,,,,,,20.477083333333336
1,31,,20.6,18.8,18.8,19.8,22.3,19.1,16.9,20.6,20.7,20.0,21.0,19.9,18.8,20.1,24.5,,19.5,,21.2,20.2,19.1,18.5,19.4,20.8,20.5,19.8,22.0,20.5,20.2,24.4,21.2,22.3,20.8,19.7,22.1,20.5,19.3,20.9,20.2,21.6,20.9,21.5,19.8,18.6,20.2,21.2,20.8,22.4,22.5,,,,,,,,20.521276595744684
2,1,,20.2,19.2,18.7,20.4,22.1,19.4,19.1,20.8,20.6,19.2,21.0,21.1,19.1,19.6,24.4,20.7,19.6,20.2,20.9,19.4,20.4,19.6,19.8,21.8,20.8,20.0,22.1,20.0,19.5,24.0,21.4,21.8,20.1,19.3,22.3,20.3,19.7,20.3,20.2,21.2,20.8,21.6,20.7,19.2,20.7,19.9,21.0,22.4,22.8,19.0,22.6,,,,,,20.607843137254896
2,2,,19.6,18.8,17.5,20.4,22.2,20.5,18.8,20.4,20.0,20.2,21.3,21.0,19.2,20.3,24.8,20.0,19.7,21.4,21.0,19.9,21.0,18.7,19.2,20.6,20.9,19.1,22.2,19.6,19.7,24.2,21.4,20.0,20.1,19.0,22.2,21.0,19.1,20.2,20.0,20.6,21.0,21.7,20.5,20.0,20.5,21.2,21.4,22.7,22.8,18.8,22.2,,,,,,20.5607843137255
2,3,,20.0,19.1,18.5,19.5,22.2,20.0,18.7,19.0,19.8,20.3,20.8,20.9,20.0,19.4,24.9,19.9,18.0,21.2,21.0,20.1,20.2,18.9,18.9,21.4,20.7,20.3,22.3,19.0,19.9,24.5,21.6,21.0,20.2,20.2,22.4,21.1,18.9,20.9,20.4,21.0,21.7,21.7,20.1,20.0,19.8,20.0,19.8,23.2,23.0,19.6,22.0,,,,,,20.54901960784314
2,4,,21.5,19.6,17.0,18.5,22.5,20.9,18.7,19.7,20.4,19.7,20.6,20.0,20.4,20.0,24.8,20.3,18.2,19.5,21.2,20.2,20.6,20.9,19.5,21.4,21.2,19.4,21.4,19.6,18.7,24.7,21.2,20.8,20.8,20.8,22.1,20.9,19.5,20.7,21.4,19.7,21.0,21.7,20.8,19.8,20.8,20.5,19.8,23.0,22.4,19.8,22.1,,,,,,20.60196078431372
2,5,,21.0,18.2,19.0,20.5,22.3,20.5,19.0,18.7,20.2,20.8,20.4,20.8,20.7,20.8,24.2,20.0,18.0,20.0,21.4,20.3,20.8,19.6,19.1,20.2,21.4,20.1,21.5,19.4,19.1,24.9,20.6,20.7,20.1,22.1,21.2,21.2,18.5,21.0,20.8,19.6,20.6,21.9,20.9,19.4,21.0,20.1,21.2,22.7,22.2,19.6,22.6,,,,,,20.60588235294118
2,6,,20.6,18.8,20.0,21.2,22.6,21.0,19.2,19.0,20.2,19.6,20.5,20.2,20.8,20.4,25.0,20.2,18.5,20.8,22.0,19.7,20.5,19.8,19.9,20.5,20.9,20.3,21.5,19.2,18.9,25.0,21.7,21.4,20.2,21.9,21.4,21.6,20.0,21.0,21.5,20.1,20.9,22.3,21.8,19.2,22.0,20.5,22.0,22.6,21.4,21.0,22.2,,,,,,20.852941176470587
2,7,,20.2,19.8,19.1,21.4,23.0,20.9,18.6,19.2,20.0,20.8,20.1,19.2,20.4,20.8,25.5,20.2,19.0,20.4,21.3,20.5,20.0,19.8,19.2,20.9,21.3,19.4,21.2,19.4,19.1,24.7,22.5,20.2,21.0,21.4,21.5,21.6,18.8,21.2,21.3,19.1,20.5,22.1,21.2,20.2,22.0,19.9,22.0,22.4,21.2,20.6,22.4,,,,,,20.75490196078432
2,8,,20.0,19.4,19.2,20.5,23.4,20.0,19.1,18.9,20.0,20.3,20.8,19.8,20.3,20.9,24.8,20.0,18.5,20.5,21.5,20.2,20.7,19.3,18.5,20.6,21.4,19.9,21.3,18.5,18.9,25.0,21.8,19.3,20.8,21.3,20.8,20.6,19.5,21.1,21.4,18.9,20.3,22.4,21.7,19.6,22.3,19.9,21.0,22.2,21.8,19.4,22.1,,,,,,20.596078431372543
2,9,,19.2,19.0,18.5,21.4,23.1,19.7,18.2,19.0,20.4,20.5,20.2,20.0,20.9,20.5,24.3,20.1,19.1,20.3,22.2,20.9,20.1,19.3,18.0,20.7,21.9,20.9,21.4,19.0,19.1,25.2,21.2,19.4,20.6,20.4,20.8,21.3,20.2,21.2,21.0,19.0,20.0,22.0,21.3,20.6,23.8,20.2,22.0,22.2,21.2,18.8,22.0,,,,,,20.633333333333336
2,10,,19.4,19.4,18.4,22.1,23.4,18.5,18.2,18.9,21.2,20.5,20.0,20.0,20.4,20.0,23.9,19.1,19.5,21.1,21.5,21.0,22.1,20.2,17.9,20.8,21.0,20.5,21.1,19.6,20.0,25.1,21.1,19.1,20.0,20.2,20.9,21.9,20.0,21.2,21.6,19.4,20.7,21.4,20.2,20.4,22.3,20.8,22.8,22.0,21.2,19.6,22.0,,,,,,20.658823529411766
2,11,,20.6,20.0,18.4,22.0,23.3,18.3,17.2,19.0,20.6,19.8,20.0,19.6,19.8,20.0,24.2,19.6,18.7,19.9,22.0,20.2,22.5,19.1,18.2,22.4,21.3,20.9,21.3,19.2,19.7,25.0,20.7,19.9,21.0,20.1,20.6,20.7,20.6,21.4,21.0,19.3,19.7,21.6,19.8,21.2,21.8,20.1,22.4,22.4,21.6,19.0,22.5,,,,,,20.5921568627451
2,12,,19.4,20.1,19.4,22.8,22.1,18.0,18.3,17.5,21.0,20.5,19.7,19.7,20.0,20.2,23.9,19.7,19.5,21.8,22.1,19.4,22.5,19.5,19.2,21.9,21.4,19.7,21.0,19.8,19.8,24.7,21.2,19.0,19.8,21.1,21.2,21.2,20.5,21.2,20.6,19.8,21.0,22.2,20.2,21.5,20.9,20.6,22.0,22.2,21.2,18.8,22.5,,,,,,20.65294117647059
2,13,,19.5,19.8,19.2,21.7,21.9,17.9,17.3,18.4,20.3,20.3,19.6,19.2,20.2,20.1,24.3,20.2,20.5,21.3,21.7,19.5,22.0,19.8,19.0,20.8,21.3,20.5,20.6,18.9,20.1,24.7,21.8,19.8,19.6,20.5,21.0,20.9,22.0,21.2,21.8,19.7,20.3,21.9,21.2,20.3,20.6,20.3,22.4,22.3,21.2,20.7,22.0,,,,,,20.629411764705882
2,14,,19.4,20.1,19.0,20.6,22.3,18.2,18.5,18.6,21.6,20.2,19.6,19.2,19.5,19.8,25.0,20.1,19.8,20.2,21.1,20.0,20.4,19.4,19.3,20.9,20.5,20.2,20.8,19.3,19.5,24.5,21.7,20.7,20.6,20.1,21.5,20.7,18.5,21.7,21.2,19.1,20.3,22.0,20.6,21.5,19.5,20.0,21.4,22.2,21.4,20.2,21.8,,,,,,20.476470588235298
2,15,,19.1,20.1,18.0,19.5,22.0,17.6,17.1,18.4,21.4,19.8,19.0,20.0,19.0,19.3,23.7,19.7,19.7,20.0,22.1,21.3,20.4,19.1,18.1,21.4,21.5,19.7,20.7,19.6,19.9,24.2,21.2,21.2,20.2,20.2,21.0,20.2,19.0,21.7,21.1,20.9,20.0,21.8,18.8,22.6,20.7,20.3,20.2,21.9,22.2,20.4,22.0,,,,,,20.372549019607852
2,16,,18.8,19.8,18.2,19.2,20.8,17.3,18.4,18.7,21.0,19.3,19.4,20.3,20.0,20.0,24.0,19.4,19.8,19.6,21.0,19.3,21.1,19.1,19.1,21.2,21.4,20.7,20.3,19.9,20.0,24.2,22.0,20.8,22.4,19.6,20.8,20.4,19.6,20.8,21.2,19.8,20.0,22.2,20.6,22.3,20.4,20.1,20.8,22.0,21.5,20.8,21.8,,,,,,20.4156862745098
2,17,,19.0,20.1,17.6,19.8,21.7,18.5,17.7,18.4,21.2,19.3,19.8,20.2,20.9,18.9,24.8,20.0,19.6,18.5,21.8,19.3,20.0,18.9,20.1,20.6,21.2,20.1,20.9,19.1,20.5,24.1,21.6,20.5,22.4,19.7,22.0,20.1,19.3,21.5,21.6,21.0,20.3,22.0,19.7,21.9,20.4,20.2,22.6,22.4,21.6,20.2,22.0,,,,,,20.501960784313734
2,18,,19.4,20.4,18.2,19.1,21.6,18.0,19.4,19.4,21.8,20.0,19.8,19.0,20.2,19.3,23.8,20.0,18.8,18.7,22.0,19.4,21.4,19.0,19.2,21.5,21.4,20.5,21.0,19.6,20.9,24.1,21.7,19.5,23.0,19.5,20.5,20.1,20.1,21.0,20.7,20.4,20.6,21.5,19.8,21.9,20.4,19.8,20.8,22.4,21.0,19.6,21.1,,,,,,20.437254901960785
2,19,,20.0,20.7,18.2,28.7,21.3,19.4,19.1,19.2,22.0,19.6,19.4,20.8,20.8,19.5,24.0,19.4,19.8,19.0,21.9,19.0,21.5,19.8,19.6,20.8,21.1,20.5,20.8,19.8,21.2,24.5,21.5,19.3,23.2,18.9,21.4,20.5,19.5,21.5,21.0,20.5,21.2,21.8,19.4,23.0,20.4,19.7,20.6,22.4,20.6,19.6,21.5,,,,,,20.762745098039215
2,20,,20.4,20.8,18.1,19.6,20.9,17.9,17.0,19.2,22.0,20.2,19.0,22.5,20.2,20.5,24.2,19.5,19.0,19.9,22.0,,21.0,19.3,20.1,21.3,21.7,20.3,21.0,19.9,20.4,25.4,21.0,19.6,22.6,19.9,21.3,20.3,19.8,20.4,20.7,20.5,21.2,21.2,18.8,22.3,19.1,19.7,20.8,22.5,20.6,19.5,22.7,,,,,,20.555999999999997
2,21,,19.4,20.4,18.9,19.2,20.8,18.0,17.7,19.5,21.5,20.2,19.0,19.0,20.7,19.3,24.6,20.4,19.9,18.0,22.2,19.4,20.4,19.0,20.8,21.5,21.5,20.9,19.5,19.6,21.0,25.8,22.5,20.0,23.1,19.5,21.3,20.7,19.7,20.3,20.5,21.1,21.1,21.7,18.9,20.7,19.4,20.9,21.6,22.0,21.4,19.1,21.5,,,,,,20.492156862745095
2,22,,20.8,20.1,18.2,20.1,21.6,18.1,18.0,20.2,21.2,20.3,20.2,20.0,21.2,20.0,24.1,20.5,20.4,19.0,22.0,20.2,21.1,19.0,19.5,21.7,21.4,21.2,20.6,19.4,20.8,25.2,21.5,20.3,22.7,19.7,20.9,21.8,19.1,19.9,20.0,21.1,20.3,20.8,19.6,20.3,20.1,20.3,22.0,22.6,22.0,19.2,21.1,,,,,,20.6156862745098
2,23,,21.0,20.4,18.3,19.7,21.0,18.0,19.1,19.5,22.0,20.5,20.0,19.0,20.2,19.0,24.7,20.4,19.8,19.1,22.4,19.4,20.0,18.8,19.4,22.5,21.4,20.6,20.5,19.3,21.2,25.1,21.4,20.4,22.4,19.7,20.5,21.0,20.1,20.2,19.7,21.6,21.0,21.6,18.9,20.2,20.2,20.1,19.4,22.5,22.2,18.4,20.8,,,,,,20.482352941176472
2,24,,20.6,20.3,17.5,19.8,22.0,18.6,18.9,19.4,21.0,20.1,20.8,19.6,20.9,19.9,24.6,20.0,19.8,19.9,21.7,19.2,21.2,17.8,19.2,22.7,21.4,20.8,19.1,19.0,20.4,25.4,21.4,20.2,22.6,19.7,20.2,20.1,18.8,20.1,19.7,21.5,21.1,20.2,19.8,20.0,19.8,20.6,19.8,22.8,22.0,18.2,21.2,,,,,,20.419607843137257
2,25,,21.2,20.2,17.6,20.4,21.1,19.2,19.4,20.1,21.2,21.4,20.0,20.8,20.6,19.2,24.0,20.3,20.0,19.7,22.0,19.2,20.7,19.0,19.3,23.4,21.5,20.3,20.0,18.9,20.4,24.8,22.5,19.5,21.2,19.5,21.5,20.1,19.2,20.3,19.6,20.2,20.2,20.4,19.8,19.9,19.3,20.7,20.4,23.2,22.4,18.4,21.4,,,,,,20.501960784313727
2,26,,20.2,20.2,17.7,20.7,20.4,18.5,19.2,21.0,20.7,20.4,20.6,20.2,21.4,19.0,25.1,19.3,21.5,19.0,21.7,20.2,20.7,19.3,18.9,22.7,21.5,20.6,21.5,18.3,20.2,25.0,21.4,20.9,20.7,19.0,20.9,20.9,20.0,20.5,19.9,19.3,21.6,21.8,20.3,20.2,20.2,20.6,19.4,23.0,22.8,18.0,21.7,,,,,,20.56470588235294
2,27,,20.2,19.8,18.3,20.5,20.3,19.2,19.0,20.5,21.4,20.0,20.8,20.0,21.0,,24.6,19.5,20.5,20.2,22.0,21.0,20.1,18.9,19.5,22.9,21.2,20.4,20.5,19.1,20.3,24.4,21.5,20.1,19.6,19.6,20.2,20.0,20.2,20.1,20.4,19.7,20.3,21.8,18.2,20.4,20.5,20.8,20.0,23.0,23.0,18.8,21.3,,,,,,20.511999999999997
2,28,,20.2,19.6,18.5,20.3,20.4,19.0,18.5,20.4,19.8,20.5,21.1,20.1,,18.6,24.5,19.8,20.7,19.9,21.5,21.0,20.0,19.4,19.9,23.2,21.6,19.9,20.1,18.4,20.4,24.4,22.0,19.7,18.8,21.0,20.4,19.8,20.8,20.1,20.3,20.1,19.9,21.2,18.1,19.8,20.4,20.3,20.0,23.0,23.6,18.4,20.7,,,,,,20.401999999999994
2,29,,,,,20.4,,,,19.6,,,,19.8,,,,19.8,,,,19.5,,,,23.4,,,,19.0,,,,18.4,,,,19.7,,,,20.1,,,,20.2,,,,22.4,,,,,,,,,20.191666666666666
3,1,,20.4,19.7,17.2,21.0,20.3,19.2,19.5,19.6,19.8,19.7,,20.9,20.6,18.8,24.5,20.7,22.1,20.1,22.3,19.6,20.5,19.5,20.7,23.3,21.4,20.4,19.3,20.1,21.0,24.8,22.0,18.1,18.7,22.3,19.8,20.7,20.3,20.7,20.7,19.9,20.8,21.2,18.3,20.4,21.0,21.4,20.4,22.9,23.2,18.3,20.5,,,,,,20.572
3,2,,20.8,20.3,17.2,20.9,21.2,18.7,18.4,18.8,20.2,21.1,,19.0,20.8,19.3,24.1,20.0,20.9,19.3,22.0,20.5,19.1,19.9,20.8,23.6,21.7,20.4,19.7,20.3,20.9,24.0,21.2,18.4,18.7,20.7,20.0,19.8,19.3,20.4,20.8,18.9,21.0,21.4,17.8,20.1,20.6,21.8,20.6,21.8,23.2,17.8,21.4,,,,,,20.391999999999996
3,3,,23.0,20.1,17.6,22.2,21.0,19.7,19.6,19.9,20.2,20.8,,19.0,21.5,18.5,24.1,19.8,20.6,19.0,21.2,19.5,19.9,19.4,20.8,23.6,21.6,20.3,20.1,20.1,21.5,24.2,21.1,18.2,20.3,19.4,19.9,19.7,19.0,19.8,20.7,19.2,20.7,20.9,18.8,19.7,21.2,20.6,19.8,21.8,23.0,18.0,21.2,,,,,,20.436000000000007
3,4,,26.0,19.6,18.0,20.6,20.4,19.1,20.0,18.9,20.8,21.8,,20.2,22.0,19.0,24.7,19.6,20.0,20.0,21.8,19.6,21.1,18.8,21.2,23.7,21.0,20.3,20.4,19.6,22.6,24.1,20.6,19.0,21.5,19.2,20.0,20.4,20.5,19.3,20.6,20.2,20.9,21.4,21.0,21.2,20.7,20.4,19.8,21.8,22.6,18.2,20.4,,,,,,20.692000000000004
3,5,,21.0,18.5,17.2,21.0,20.5,18.4,19.8,18.7,20.6,21.0,,19.4,21.0,18.6,24.2,20.0,20.7,19.5,22.0,19.5,19.8,19.6,22.0,23.2,20.6,20.8,21.3,18.3,23.5,24.3,20.2,19.0,19.8,19.7,20.6,20.0,19.9,20.3,20.2,19.9,20.9,20.8,20.9,20.3,20.8,20.4,20.5,21.8,22.4,19.3,20.5,,,,,,20.46399999999999
3,6,,21.3,19.4,17.0,21.0,20.7,19.3,19.6,17.7,20.8,21.2,,18.2,21.6,19.2,24.3,20.2,20.6,19.3,23.0,20.0,18.8,19.4,22.4,23.1,20.4,20.5,21.5,18.1,21.2,24.1,20.2,19.3,19.9,20.1,19.9,19.8,20.3,20.0,20.4,20.3,20.4,21.3,19.5,20.6,20.1,20.8,19.4,22.0,22.0,17.8,20.4,,,,,,20.367999999999995
3,7,,21.1,19.9,16.6,21.8,20.4,19.4,18.7,19.0,20.6,20.2,,18.2,21.2,18.4,24.9,20.5,21.6,19.5,23.1,20.2,18.8,19.9,22.0,23.4,20.0,20.3,20.8,18.1,20.7,24.2,19.5,20.0,21.1,20.3,20.5,20.0,20.4,20.9,20.8,21.2,20.9,21.0,19.2,20.3,20.5,20.9,20.0,21.8,22.2,18.0,20.5,,,,,,20.47
3,8,,20.4,19.9,17.4,21.0,20.2,18.8,19.0,19.2,20.2,20.5,,18.8,20.6,18.5,25.0,20.8,20.1,19.2,23.0,19.8,18.5,19.7,21.0,23.2,20.1,20.0,21.2,19.5,20.3,23.8,19.2,19.2,20.9,20.7,20.5,19.7,20.3,20.5,20.2,21.3,21.0,21.1,19.3,21.7,19.7,20.3,20.0,22.2,23.0,19.4,20.4,,,,,,20.406000000000002
3,9,,21.0,19.7,17.8,20.6,20.2,18.8,19.0,18.6,20.5,20.1,,19.8,20.5,18.9,24.2,20.7,20.5,18.8,22.7,20.5,18.7,19.5,21.4,23.5,20.5,19.3,21.5,18.9,21.4,23.8,19.0,20.2,21.4,21.2,20.2,18.6,20.6,20.5,19.6,21.0,20.8,21.5,19.5,22.1,19.4,21.1,19.9,22.2,23.2,18.8,20.1,,,,,,20.446
3,10,,20.7,20.1,16.2,21.0,20.0,18.2,19.7,19.0,20.4,20.4,,20.4,21.2,19.0,23.6,20.1,20.8,19.2,23.0,19.6,17.4,19.8,21.8,23.1,20.2,20.6,21.4,18.8,19.8,24.0,18.8,20.1,19.9,21.8,20.7,19.5,21.8,20.0,19.8,21.0,20.6,21.5,20.5,22.6,20.2,20.7,19.8,21.8,23.0,18.4,20.2,,,,,,20.444
3,11,,21.0,19.7,17.2,20.4,20.2,19.5,19.8,18.5,21.2,19.9,,20.5,20.4,17.7,24.0,20.5,21.0,18.6,22.6,19.4,17.5,19.8,20.7,22.9,20.0,20.2,21.5,18.7,19.7,23.8,19.4,20.1,20.7,20.9,20.5,19.1,21.1,19.5,20.0,21.9,20.6,21.1,20.8,21.7,20.0,20.6,20.2,22.0,21.8,18.4,20.4,,,,,,20.354000000000003
3,12,,20.4,19.8,17.3,20.0,20.7,19.1,19.1,18.0,20.8,19.3,,20.5,21.0,19.3,23.7,20.7,19.9,17.5,22.4,19.3,17.9,19.7,20.8,22.3,20.2,21.4,21.0,19.1,19.5,23.9,19.3,18.9,19.8,21.9,20.3,17.7,21.0,18.4,19.7,22.0,20.3,21.7,20.0,22.2,19.4,20.2,20.3,21.7,22.0,18.2,20.3,,,,,,20.197999999999997
3,13,,20.4,20.2,17.5,20.0,20.2,17.5,19.4,18.1,20.8,18.8,,19.4,20.4,19.0,24.2,19.7,20.9,18.7,21.4,19.2,17.6,20.4,21.2,22.5,19.9,20.6,21.5,18.6,19.1,23.5,19.5,20.0,19.1,22.1,20.5,18.4,21.1,20.0,19.8,21.5,19.9,21.3,20.5,21.8,19.9,20.2,19.8,22.0,22.0,18.6,20.3,,,,,,20.179999999999996
3,14,,20.4,20.4,16.4,20.4,19.6,17.3,19.4,17.9,20.0,18.6,,21.2,20.5,18.0,24.2,20.5,19.7,19.0,22.0,18.0,18.3,20.3,20.9,23.2,20.2,21.4,20.7,19.1,19.3,23.3,21.1,19.1,19.3,22.3,20.6,19.0,20.3,20.1,20.0,21.5,21.1,21.2,19.9,21.3,19.5,20.1,19.8,21.5,22.8,18.6,19.8,,,,,,20.181999999999995
3,15,,20.6,20.0,16.3,20.5,20.0,17.4,19.5,18.2,20.7,19.0,,21.5,20.3,18.9,24.6,19.6,19.8,18.1,22.0,19.2,18.3,20.0,20.8,23.0,20.2,20.8,20.4,18.5,19.5,24.0,20.4,19.0,20.2,22.1,21.0,18.5,20.8,19.6,20.0,22.1,21.5,21.0,19.2,21.2,19.9,19.5,19.8,218.0,23.0,18.6,19.7,,,,,,24.136
3,16,,20.1,20.1,17.6,21.0,19.6,17.2,20.0,18.0,20.7,18.8,,22.4,20.5,18.7,24.4,20.3,20.2,18.7,23.0,19.3,18.7,19.2,20.5,22.7,20.5,20.5,20.8,18.8,19.8,23.7,20.8,18.4,20.2,22.1,20.5,19.5,19.7,19.5,20.4,21.2,20.0,21.8,18.2,21.2,21.1,19.6,20.0,21.2,23.6,18.7,18.8,,,,,,20.246000000000002
3,17,,19.8,19.5,17.6,20.8,19.9,18.2,20.5,18.0,21.2,19.3,,21.4,20.0,19.4,24.1,20.3,20.5,18.3,22.0,18.9,19.2,20.1,19.8,23.8,20.7,20.5,20.5,19.2,19.7,23.5,19.4,17.4,19.7,22.0,20.8,18.8,19.7,19.2,20.2,21.6,21.1,21.7,18.1,21.0,19.7,19.7,20.9,21.2,23.0,19.2,19.0,,,,,,20.20200000000001
3,18,,18.5,18.8,17.7,20.4,19.8,18.5,19.4,18.3,20.6,18.4,,21.8,19.2,19.6,24.2,20.0,19.2,17.9,20.9,19.1,19.5,19.5,19.5,23.2,20.4,20.5,19.9,19.3,20.5,23.3,19.4,18.1,19.8,22.1,21.3,18.4,18.7,19.1,19.4,21.5,21.0,21.4,18.3,21.3,19.2,19.7,23.2,21.2,22.4,19.0,19.2,,,,,,20.031999999999996
3,19,,19.4,18.3,17.8,20.4,19.7,19.0,19.1,17.9,19.8,19.5,,22.6,20.0,19.0,24.2,19.0,19.5,18.1,21.3,19.0,18.8,19.3,19.8,23.2,20.5,19.5,20.2,18.7,21.3,23.0,19.5,19.2,22.5,22.1,20.7,19.4,19.3,18.5,20.0,21.4,20.0,20.8,17.2,20.5,19.4,20.0,23.0,21.1,22.2,18.8,18.6,,,,,,20.042
3,20,,19.4,18.1,17.5,20.4,19.8,17.4,19.1,19.1,20.6,19.6,,22.6,19.3,18.5,24.4,20.3,19.1,18.8,20.4,19.2,19.5,20.1,19.3,23.5,20.1,19.5,20.9,18.7,19.4,22.9,19.2,19.2,21.2,22.2,20.5,19.4,19.0,20.0,20.2,21.8,19.0,20.8,18.4,20.4,19.5,20.1,23.6,21.0,22.0,18.5,18.6,,,,,,20.042
3,21,,18.4,17.2,17.4,20.6,19.4,17.4,18.6,17.8,20.8,19.7,,22.4,20.0,19.5,24.0,19.9,20.2,19.4,20.5,19.2,19.3,19.9,20.0,23.2,20.1,20.0,20.1,18.4,20.0,22.9,19.7,18.8,20.6,21.9,20.0,19.1,19.2,19.1,20.0,22.0,20.2,21.0,19.5,20.4,19.3,19.7,24.4,21.4,21.6,18.2,18.7,,,,,,20.022000000000002
3,22,,20.3,17.2,17.5,21.3,19.8,16.8,19.2,18.5,21.0,19.5,,22.2,19.6,18.9,23.5,19.8,19.2,18.1,22.0,19.7,19.4,20.3,20.2,23.0,20.0,19.4,20.4,19.0,18.8,22.8,19.1,18.1,20.5,21.4,19.8,19.1,19.6,18.1,19.9,21.2,20.5,20.6,18.6,19.9,19.4,20.1,24.0,21.2,21.2,18.0,19.4,,,,,,19.942
3,23,,18.6,17.5,17.5,21.4,19.8,16.0,19.1,18.5,21.2,19.3,,22.5,19.0,18.9,24.6,20.0,18.7,18.4,21.1,19.4,20.0,20.1,19.8,23.2,20.3,19.5,18.8,19.1,19.8,22.5,19.1,18.1,20.8,21.5,19.7,19.4,19.9,18.9,19.4,21.9,20.8,21.1,18.3,20.2,18.8,19.7,22.0,20.6,21.6,18.7,19.0,,,,,,19.882
3,24,,19.3,18.5,17.5,21.5,19.5,16.6,18.8,19.3,20.5,19.5,,21.8,18.9,19.2,24.5,19.8,20.2,18.5,21.5,19.1,19.2,19.5,20.5,23.0,21.2,20.6,19.8,18.7,17.9,22.5,19.4,19.2,19.9,21.4,20.0,19.7,20.2,18.3,20.8,21.3,19.7,20.2,18.2,19.7,18.4,20.4,21.4,21.0,21.2,17.7,20.0,,,,,,19.910000000000004
3,25,,19.5,18.4,17.6,20.0,19.4,16.2,19.3,18.5,20.5,18.9,,21.6,17.8,19.7,24.0,19.0,18.1,18.4,20.8,19.1,19.3,19.5,20.3,23.7,21.1,19.1,20.3,18.6,19.3,23.0,19.4,18.7,19.1,21.8,19.4,19.7,20.6,17.9,20.0,21.3,19.5,20.4,18.8,20.0,17.8,20.1,21.9,20.7,21.4,18.0,19.1,,,,,,19.732
3,26,,19.3,18.0,18.0,20.0,20.8,17.3,18.7,19.3,20.4,19.6,,21.0,20.0,19.8,24.2,18.9,19.3,18.5,21.4,18.5,19.8,19.2,21.0,24.0,21.1,19.2,19.9,18.1,19.3,22.6,20.0,18.0,18.8,21.7,19.4,20.0,20.4,18.2,20.0,21.2,19.8,20.7,17.7,19.8,18.4,20.0,20.9,20.7,21.0,18.2,18.7,,,,,,19.816000000000003
3,27,,19.6,18.8,18.4,19.8,19.8,17.1,18.7,18.7,20.6,19.8,,20.1,18.9,19.0,24.0,19.6,19.2,19.5,21.1,18.5,20.4,18.7,21.0,23.5,20.4,19.2,19.8,18.0,19.7,22.6,20.0,18.0,18.7,21.6,19.1,22.0,20.2,18.8,19.4,21.5,20.2,20.3,18.4,20.6,17.8,19.6,20.2,20.8,21.5,18.6,18.7,,,,,,19.810000000000002
3,28,,19.5,20.3,18.0,19.4,19.9,17.6,18.9,19.0,21.3,19.4,,20.2,18.2,18.8,23.4,18.2,18.8,19.0,21.6,19.0,18.2,19.0,20.0,23.4,21.1,19.4,19.5,18.0,19.9,22.9,20.4,18.7,19.2,22.0,19.2,22.5,20.0,18.4,19.4,20.2,19.7,20.5,17.0,20.6,17.9,19.3,20.6,21.2,22.4,18.4,19.5,,,,,,19.78
3,29,,19.4,19.6,18.0,19.4,19.8,16.7,19.1,18.7,20.0,19.0,,20.5,19.2,18.6,24.9,19.4,18.7,19.6,21.0,19.4,18.4,19.1,21.0,23.2,20.5,21.0,19.0,18.2,19.5,22.8,20.2,19.3,19.6,21.9,19.4,21.0,19.7,19.4,18.8,20.9,19.5,19.7,16.9,21.0,18.1,19.2,21.0,21.6,21.2,,19.1,,,,,,19.820408163265306
3,30,,19.5,19.0,18.1,20.0,19.7,16.5,18.8,19.4,20.0,19.6,,20.2,19.4,18.8,24.5,20.0,19.0,18.6,20.1,19.4,18.0,18.7,20.4,23.5,20.8,21.0,19.2,18.1,19.6,23.0,19.1,18.8,19.3,22.0,19.0,20.6,20.1,19.5,18.8,19.7,19.3,,17.2,20.3,18.4,19.0,19.8,21.7,21.0,,19.2,,,,,,19.702083333333334
3,31,,19.7,19.9,17.5,20.1,19.1,16.9,19.4,19.0,19.7,19.1,,21.8,18.9,17.8,23.9,19.2,20.0,19.6,19.4,19.2,17.5,17.9,20.0,23.7,20.2,20.5,17.7,18.3,20.0,22.9,18.7,18.7,20.0,21.4,19.7,,20.0,19.5,18.2,19.5,22.2,,16.7,19.8,18.0,,19.2,21.6,21.0,,18.2,,,,,,19.59347826086957
4,1,,18.8,18.5,18.0,19.9,19.1,16.5,18.3,19.0,20.2,19.0,,22.0,19.0,,23.4,19.1,19.9,19.0,18.8,19.5,17.0,17.2,19.1,23.8,19.9,21.0,18.8,18.1,20.2,22.8,18.2,19.8,18.8,21.8,19.8,21.0,19.9,18.8,18.4,18.5,20.9,20.2,16.8,20.3,18.0,18.3,18.8,21.9,21.4,,18.2,,,,,,19.49374999999999
4,2,,19.2,18.6,18.2,20.3,19.0,16.7,19.0,20.0,20.5,18.7,,21.2,18.6,,23.6,19.3,20.1,18.7,19.2,19.1,17.5,16.8,19.4,23.1,20.4,21.4,19.4,17.9,20.0,23.0,19.1,19.4,18.7,21.4,19.5,20.0,19.0,20.0,18.3,18.5,21.3,22.2,17.6,19.8,18.5,17.9,18.9,20.9,21.0,17.6,18.7,,,,,,19.534693877551017
4,3,,18.7,18.5,17.4,19.1,19.4,15.0,19.6,20.5,20.3,18.8,,21.0,18.4,,23.3,18.4,19.5,18.5,20.2,19.2,17.5,18.3,19.1,22.5,19.5,20.4,19.6,17.8,19.3,23.1,18.9,18.1,19.1,21.7,18.9,20.1,19.4,18.7,18.4,19.1,19.2,20.0,18.1,20.0,17.9,17.8,19.4,20.6,20.2,18.1,19.4,,,,,,19.306122448979597
4,4,,17.6,18.1,17.2,19.0,18.4,15.4,18.9,18.5,19.6,19.6,,21.3,17.7,,23.2,19.2,18.6,17.9,20.3,20.0,16.6,18.3,19.1,23.4,19.6,19.2,19.1,18.0,19.7,23.1,19.0,18.6,19.1,21.7,19.2,19.8,18.7,17.8,17.9,18.9,18.8,20.0,18.1,20.2,17.8,17.9,19.4,20.6,18.8,18.1,19.6,,,,,,19.114285714285717
4,5,,18.5,17.8,17.8,18.8,18.7,15.9,19.4,19.4,19.8,18.3,,22.1,18.6,,23.3,19.3,18.6,18.1,20.8,18.9,16.9,18.0,19.0,23.1,19.5,19.9,18.9,18.0,19.4,22.7,18.8,18.6,19.9,21.9,18.2,19.7,18.1,18.9,18.4,18.4,19.2,22.1,17.9,20.9,17.8,18.1,19.5,20.6,19.8,18.2,19.5,,,,,,19.265306122448983
4,6,,18.8,17.7,17.0,19.3,18.2,16.4,19.0,20.1,19.9,18.0,,21.6,19.6,,23.2,19.0,19.0,17.7,19.5,19.7,17.5,18.3,19.3,23.3,18.8,19.7,19.1,17.2,20.3,22.4,18.5,18.9,19.4,21.7,18.0,19.6,18.3,19.0,18.2,17.5,19.0,19.8,18.1,21.4,17.3,18.3,19.6,20.6,20.2,18.4,20.0,,,,,,19.21224489795918
4,7,,18.4,17.7,17.3,19.2,17.5,15.7,18.6,20.1,18.9,18.3,,20.7,19.8,,22.2,19.3,17.0,18.6,20.0,19.3,17.5,18.0,18.8,22.9,19.4,19.4,18.5,16.6,20.4,22.7,18.4,18.0,19.9,21.0,18.0,19.6,18.0,19.2,18.3,18.0,19.0,19.1,18.5,20.9,17.8,18.1,19.7,20.0,20.2,17.8,20.2,,,,,,19.03061224489796
4,8,,19.1,18.3,18.0,17.8,17.7,15.8,18.6,19.2,18.8,18.8,,20.1,19.3,,24.3,19.5,18.0,17.9,19.2,18.6,17.6,16.9,19.4,22.8,19.1,19.7,19.3,18.0,20.2,22.2,18.7,18.5,20.0,21.4,18.0,18.8,17.9,17.4,18.0,17.6,19.4,19.4,17.7,20.4,18.1,17.7,19.6,20.0,20.4,18.0,18.8,,,,,,18.979591836734695
4,9,,19.5,18.2,17.1,20.0,17.0,15.9,18.0,19.5,18.5,17.8,,19.1,18.7,,24.0,18.7,18.7,18.3,20.5,19.3,16.4,17.0,19.3,22.8,19.4,18.8,18.5,17.2,19.9,22.7,18.2,19.2,19.5,20.7,18.2,19.2,17.9,18.0,18.5,17.5,19.5,19.0,18.4,21.2,17.2,18.0,20.0,20.5,20.0,18.4,18.6,,,,,,18.94897959183674
4,10,,19.5,17.2,17.4,28.9,17.4,17.6,17.5,18.9,17.0,18.1,,20.4,19.2,,24.5,18.1,17.8,17.6,20.0,19.7,17.3,16.9,19.2,22.5,19.9,18.7,19.0,17.4,19.9,22.6,18.6,19.0,20.0,20.8,18.2,19.8,18.2,17.6,18.1,17.5,19.3,19.2,17.5,21.0,17.7,17.7,18.4,20.2,20.0,19.1,17.5,,,,,,19.093877551020412
4,11,,19.4,17.7,17.6,18.6,18.3,17.8,17.2,18.9,18.0,18.5,,19.4,18.9,,23.7,18.5,17.3,17.9,20.7,20.6,17.2,16.7,18.8,23.4,19.4,18.8,18.4,18.3,19.7,22.0,18.8,18.5,19.5,20.5,18.2,19.5,17.6,17.3,18.5,17.7,19.0,18.6,17.2,20.2,17.6,17.8,19.2,20.2,19.8,18.0,18.2,,,,,,18.848979591836738
4,12,,19.7,17.9,17.0,19.4,18.4,16.5,17.7,18.8,18.7,18.7,,19.5,19.3,,24.1,19.1,18.0,17.7,20.8,19.1,17.5,17.5,19.4,23.1,19.6,18.2,18.4,18.5,19.3,22.1,18.4,18.5,20.9,19.8,17.8,19.8,17.6,17.1,18.1,17.5,18.3,18.8,17.2,20.9,17.6,17.2,19.0,20.2,20.0,17.4,18.0,,,,,,18.859183673469385
4,13,,19.5,17.8,17.3,19.7,18.7,15.5,17.5,18.9,18.0,18.8,,18.8,18.9,,23.9,18.3,17.5,17.0,20.4,18.7,17.8,18.5,19.4,22.7,20.0,19.0,19.4,18.3,19.8,22.0,17.5,18.8,21.0,19.4,17.8,19.7,17.5,16.5,17.6,17.0,19.0,20.9,16.2,20.7,17.2,17.3,19.8,19.0,20.2,,18.7,,,,,,18.83125
4,14,,19.8,17.6,17.2,19.3,18.2,16.8,17.1,18.7,18.6,18.5,,18.2,18.2,,24.5,18.5,17.5,17.3,20.2,18.6,17.0,18.5,18.2,23.2,19.3,18.4,18.5,18.7,19.6,21.8,17.3,19.7,19.4,19.7,17.4,19.6,17.4,16.7,18.4,17.5,18.3,19.9,16.2,19.5,17.2,17.2,19.6,19.6,19.8,,19.0,,,,,,18.695833333333333
4,15,,20.1,18.2,16.2,19.0,18.5,17.7,17.5,19.2,19.0,20.3,,18.2,18.2,,24.6,19.0,18.0,16.9,20.1,18.1,18.0,18.9,18.8,22.9,19.7,19.1,17.8,18.1,18.8,21.3,17.3,18.4,19.4,19.7,17.4,19.0,17.6,16.8,18.5,17.5,18.8,18.9,17.8,18.8,16.9,17.1,19.4,19.4,19.8,,17.8,,,,,,18.718749999999993
4,16,,20.0,17.4,16.8,19.0,18.0,16.6,17.8,17.5,18.9,18.8,,18.0,18.4,,23.9,19.2,17.4,16.4,20.0,17.7,17.6,19.0,19.2,22.5,20.0,18.1,18.6,18.1,18.8,21.1,17.5,18.2,19.6,19.4,17.4,19.9,18.0,16.8,18.5,18.0,18.5,18.5,17.7,18.6,16.7,17.9,19.4,19.8,21.2,16.8,18.2,,,,,,18.6
4,17,,19.6,17.3,16.5,19.1,16.9,15.5,16.0,17.9,18.6,19.0,,18.2,18.3,,23.0,19.1,17.1,17.9,18.8,18.8,17.5,18.2,18.7,22.7,19.8,18.5,18.8,17.4,19.3,20.3,17.2,18.4,18.5,19.0,17.4,19.8,18.2,16.5,18.2,17.7,18.5,19.3,17.7,19.0,16.8,18.1,19.0,19.6,19.8,16.8,18.1,,,,,,18.416326530612245
4,18,,19.3,17.4,16.4,19.4,16.7,17.2,15.9,17.1,,18.8,,18.4,18.5,,24.8,18.8,16.7,18.5,19.2,18.0,18.0,18.2,19.0,22.2,19.9,18.5,18.7,18.4,20.2,20.0,17.7,17.8,19.3,18.7,17.0,18.5,17.7,17.0,18.4,17.1,18.0,18.6,18.3,18.0,17.3,17.8,19.2,19.6,19.8,17.2,18.0,,,,,,18.441666666666666
4,19,,18.2,18.0,16.0,19.3,17.1,17.3,17.3,18.0,,18.2,,18.9,17.6,,24.4,19.0,17.5,18.3,19.7,17.6,17.3,18.0,18.5,22.4,19.6,19.3,17.8,18.2,20.7,20.7,17.7,17.3,19.2,19.5,16.2,17.7,17.5,16.5,18.4,17.3,18.6,18.5,18.0,18.8,16.3,18.1,19.0,19.4,20.6,16.9,18.2,,,,,,18.429166666666667
4,20,,19.9,16.7,16.8,19.5,16.6,17.4,16.8,17.0,,18.0,,18.8,18.4,,24.9,18.4,16.9,17.5,20.0,17.4,16.8,18.5,19.0,21.5,19.7,18.4,17.5,17.2,20.2,20.6,17.5,17.9,18.9,18.7,16.2,17.6,17.2,16.2,18.5,16.3,17.9,18.3,17.6,19.0,17.6,17.2,18.8,19.0,20.2,16.4,18.0,,,,,,18.2375
4,21,,20.1,16.8,17.0,19.5,16.5,17.3,17.5,16.3,,17.9,,19.0,18.2,,24.9,17.0,17.0,16.9,19.1,17.0,16.8,18.1,18.1,22.2,18.9,18.5,17.4,16.5,19.5,20.6,17.8,17.3,19.2,18.8,16.9,17.5,16.3,15.6,17.8,17.6,18.9,18.0,18.0,18.9,17.4,17.6,19.2,18.7,20.0,17.1,18.1,,,,,,18.152083333333334
4,22,,19.2,17.6,15.4,18.4,17.2,17.6,16.3,17.2,,17.9,,19.6,18.1,,24.9,17.2,17.2,17.2,20.3,16.7,18.1,18.0,18.0,21.0,18.7,18.2,17.9,17.2,21.0,20.5,17.0,17.5,17.9,19.0,17.4,18.6,17.3,15.9,17.2,16.6,19.6,17.5,17.6,19.2,17.3,17.6,18.8,18.2,19.9,17.4,18.6,,,,,,18.18125
4,23,,19.8,17.6,15.2,17.7,16.7,17.8,16.3,17.6,19.8,17.5,,18.8,18.2,,23.5,17.8,17.4,18.9,20.2,16.6,16.9,17.7,17.1,21.0,18.5,17.5,17.4,16.8,21.0,20.4,18.0,17.9,18.1,19.0,16.9,18.4,17.8,16.0,17.2,17.5,19.5,17.3,18.0,19.3,17.0,18.6,18.8,18.7,20.0,17.5,18.5,,,,,,18.19795918367347
4,24,,20.0,16.6,15.2,18.2,16.9,16.8,17.4,17.7,18.4,17.6,,17.7,17.6,,24.2,18.0,15.5,17.5,20.1,17.3,17.3,17.8,18.5,21.4,18.6,17.9,17.5,16.8,19.6,20.7,19.0,18.6,18.0,19.0,15.5,19.1,20.0,16.0,17.4,17.7,18.3,17.7,17.0,19.0,17.1,18.6,19.4,18.5,19.4,18.2,19.4,,,,,,18.197959183673472
4,25,,19.5,17.4,16.5,18.8,17.3,17.0,17.4,17.8,18.5,17.1,,18.0,16.3,,24.1,17.7,16.4,15.8,20.3,17.6,17.0,18.6,18.2,20.9,18.5,17.4,16.5,16.4,19.1,20.5,18.1,16.7,16.5,18.6,16.9,17.8,19.7,17.7,17.8,17.7,19.1,17.8,17.9,19.2,17.1,19.1,18.6,17.7,19.8,18.0,18.7,,,,,,18.104081632653067
4,26,,20.4,17.6,14.5,19.5,17.2,17.5,17.2,17.2,19.2,17.3,,19.2,16.5,,23.6,17.8,17.3,16.7,18.7,17.2,16.5,17.5,18.2,21.2,17.8,18.3,15.3,16.2,19.2,20.8,17.8,17.4,16.7,18.8,17.6,18.0,19.0,17.5,17.9,17.5,18.5,17.9,18.3,19.3,17.5,18.6,19.0,18.2,18.5,17.7,18.5,,,,,,18.077551020408162
4,27,,20.4,18.0,14.9,19.5,17.4,18.0,17.4,17.1,18.4,18.0,,19.4,16.6,,24.0,18.2,17.2,16.7,18.6,17.7,16.7,17.5,17.5,21.5,17.6,18.2,16.4,16.0,19.9,20.1,18.4,17.8,17.2,18.4,17.4,16.8,17.6,18.5,16.9,17.2,17.6,18.4,17.8,19.1,17.4,17.9,18.8,18.7,19.0,17.4,17.8,,,,,,18.061224489795915
4,28,,20.1,17.5,14.8,19.6,16.2,18.2,16.8,17.2,18.2,17.4,,19.2,17.1,,23.4,17.0,16.6,17.5,20.1,18.1,16.4,16.2,16.9,21.3,17.7,18.4,15.8,16.8,19.3,20.1,18.2,18.0,17.5,19.0,17.7,16.8,17.9,18.2,17.8,16.9,16.9,18.5,17.8,19.1,16.6,18.0,19.4,18.2,19.4,17.8,18.0,,,,,,17.991836734693877
4,29,,20.3,17.8,15.0,19.0,16.5,17.1,16.5,17.7,18.7,17.0,,18.5,16.3,,23.2,16.8,16.3,17.7,20.0,17.1,17.2,16.3,17.8,20.9,17.4,18.4,16.6,16.2,19.0,19.4,17.9,17.8,16.7,18.6,17.0,16.7,18.4,16.9,16.5,16.7,18.0,18.4,17.9,18.8,17.0,18.4,18.8,18.6,19.0,17.4,16.8,,,,,,17.81632653061224
4,30,,19.2,17.8,16.2,17.7,17.5,17.3,17.5,18.1,17.7,17.5,,18.5,16.4,,21.2,15.5,15.0,18.0,19.2,18.2,17.0,16.4,18.5,20.4,17.6,18.1,15.5,16.6,18.8,20.0,17.4,17.7,17.0,18.0,16.9,16.2,17.4,17.0,16.8,16.1,17.9,19.0,17.8,19.0,17.0,18.4,18.4,18.2,18.6,17.4,17.2,,,,,,17.68979591836735
5,1,,19.2,18.6,16.5,17.4,16.7,18.6,17.2,18.0,17.6,17.0,,18.4,17.2,17.0,23.8,16.6,,18.2,18.5,16.6,16.9,15.6,18.0,20.3,18.1,18.0,16.1,17.0,19.2,19.4,17.0,17.7,16.9,18.0,17.6,16.6,17.9,17.5,16.2,16.6,18.0,19.0,17.8,18.3,18.0,18.9,18.8,18.4,18.4,17.2,17.0,,,,,,17.8265306122449
5,2,,17.5,17.0,17.0,19.3,17.0,17.6,17.3,17.5,17.8,15.8,,18.0,17.7,17.1,24.2,17.0,15.9,17.3,18.3,17.3,17.1,16.0,18.2,20.3,18.7,17.5,15.8,16.7,18.5,19.4,17.2,16.8,17.3,17.5,17.2,16.5,18.0,18.5,16.9,17.1,17.5,18.0,17.7,18.1,18.0,18.9,19.6,18.2,18.2,16.6,17.0,,,,,,17.712000000000003
5,3,,19.2,16.6,15.8,18.4,16.9,18.1,17.2,17.2,17.5,15.8,,17.5,16.7,15.8,23.8,16.4,15.2,17.4,19.3,16.6,17.2,17.3,18.2,20.1,18.7,17.9,16.4,16.5,18.9,19.4,17.8,17.0,17.6,17.2,17.5,16.5,18.2,17.8,16.6,16.9,17.2,18.2,17.3,18.6,17.2,19.0,19.0,18.1,18.8,16.4,17.0,,,,,,17.638
5,4,,19.2,17.7,15.4,18.5,16.9,18.2,17.2,16.7,18.3,17.2,,17.2,16.8,17.6,23.2,17.4,15.8,17.5,18.8,16.7,15.8,16.8,17.3,20.3,19.0,18.2,16.6,16.3,19.2,20.1,17.1,16.9,17.2,17.7,17.6,16.6,17.5,17.3,16.2,17.0,16.7,18.3,17.4,18.6,16.3,18.9,19.2,18.0,18.2,16.3,17.2,,,,,,17.642000000000003
5,5,,19.6,16.8,15.2,18.4,16.1,18.6,17.2,17.7,18.3,16.8,,17.9,17.0,17.6,22.8,15.9,13.8,17.1,19.0,17.0,14.9,16.6,18.2,20.2,18.1,18.4,14.2,16.7,19.1,20.1,16.7,17.7,17.9,17.5,16.8,18.2,16.0,17.8,16.4,16.0,16.7,18.2,17.7,18.3,17.0,18.6,18.3,18.4,18.2,16.0,17.4,,,,,,17.502000000000002
5,6,,17.7,17.1,16.5,18.1,16.0,17.4,17.0,17.8,17.5,17.3,,17.3,16.5,16.6,23.8,16.2,15.0,17.6,18.4,17.2,15.6,17.8,17.7,20.1,18.9,17.4,15.7,17.8,19.6,20.1,16.8,17.3,17.0,17.4,17.2,17.3,15.9,15.9,16.0,16.3,18.3,18.2,17.3,18.6,16.9,18.6,19.4,17.7,18.4,16.0,17.6,,,,,,17.516
5,7,,17.6,17.0,16.6,19.5,15.7,18.4,17.0,17.0,17.8,17.7,,15.8,18.0,15.9,23.9,16.5,14.8,15.0,18.3,17.6,15.7,17.7,17.9,20.8,19.2,17.9,16.5,16.9,19.6,20.1,16.6,17.8,17.6,17.6,16.9,16.6,17.0,15.5,15.9,15.5,17.5,18.2,17.6,18.3,17.0,19.6,19.9,18.2,18.6,15.6,17.2,,,,,,17.542
5,8,,19.1,16.4,15.6,19.0,16.4,16.9,15.6,16.2,15.6,17.7,,17.8,18.5,15.5,23.1,17.0,14.0,16.3,18.4,18.0,15.3,17.0,17.5,20.6,18.7,17.2,15.8,16.7,21.1,20.5,16.7,17.6,18.0,17.6,17.1,15.8,17.0,16.0,15.9,16.0,17.1,18.0,18.2,18.5,17.2,18.9,19.7,18.2,18.0,17.4,17.3,,,,,,17.474000000000004
5,9,,18.8,16.5,15.5,18.4,16.2,17.2,16.2,15.2,17.0,16.2,,17.5,15.7,16.2,22.6,16.4,14.3,17.9,18.3,17.4,15.5,17.1,17.5,20.7,18.4,17.4,16.8,16.1,21.8,19.2,16.5,17.7,18.0,17.0,17.4,15.7,17.1,15.6,15.7,15.7,16.8,18.1,17.9,18.8,17.3,18.3,20.2,18.0,18.4,17.6,17.7,,,,,,17.39
5,10,,19.2,16.7,16.0,18.8,16.8,17.2,16.7,17.4,17.0,17.2,,16.3,15.1,16.4,22.4,17.2,14.1,15.5,18.0,17.0,14.1,17.1,17.5,20.0,19.1,17.1,16.6,16.3,21.2,19.3,16.3,17.8,16.9,17.3,17.3,15.5,16.8,15.5,15.6,15.5,16.5,17.3,18.2,18.5,18.1,18.2,20.0,18.0,19.8,16.5,17.6,,,,,,17.33
5,11,,16.9,17.0,15.2,19.4,16.5,15.0,16.6,17.8,17.0,17.2,,16.5,15.5,16.1,22.3,16.9,15.2,14.7,17.9,16.1,14.5,16.1,16.7,20.5,18.7,17.7,17.8,16.3,21.6,19.6,16.2,17.6,17.2,17.7,17.1,16.1,15.0,15.2,15.4,15.6,16.5,17.3,17.9,18.9,17.0,18.5,19.0,18.6,20.6,16.0,17.2,,,,,,17.198000000000008
5,12,,16.8,17.0,15.3,18.3,16.7,15.2,16.8,17.6,17.8,17.4,,17.4,19.4,16.2,23.1,16.3,14.4,14.3,17.6,16.0,15.2,17.1,17.1,19.5,18.8,17.5,17.8,16.2,20.9,19.9,16.9,17.3,17.2,18.0,16.9,15.3,15.1,15.2,15.7,15.4,16.4,17.1,18.3,18.1,16.3,18.6,18.8,18.6,19.2,16.5,17.0,,,,,,17.23
5,13,,19.1,16.0,15.1,20.1,16.5,15.6,16.5,17.4,17.5,18.1,,16.5,17.5,16.6,22.8,17.0,15.0,13.5,15.8,16.4,15.5,17.7,15.7,18.7,18.8,16.9,17.2,16.5,20.6,19.3,16.8,17.2,17.4,19.7,17.3,15.4,15.9,15.0,15.7,15.0,16.1,17.0,18.4,18.9,15.7,19.0,18.9,17.6,18.4,16.0,16.6,,,,,,17.158
5,14,,18.2,17.0,15.8,19.7,16.0,15.3,16.6,17.0,,16.4,,18.1,17.2,16.9,23.5,15.5,15.5,14.1,15.4,17.0,14.5,17.7,16.8,19.7,18.3,16.5,15.6,16.3,21.4,19.6,17.1,17.7,17.1,18.5,17.1,15.4,15.8,14.4,15.3,15.5,16.0,17.8,19.2,18.3,16.9,19.4,19.1,18.0,20.0,15.8,17.0,,,,,,17.204081632653057
5,15,,18.9,16.8,15.5,20.0,15.4,16.0,16.4,16.5,,17.4,,18.3,18.1,17.1,23.0,16.8,15.8,15.2,15.8,16.5,15.2,17.6,16.9,19.6,18.5,16.8,17.1,16.1,20.1,18.5,16.4,17.4,16.6,18.4,16.5,15.0,15.4,15.5,15.0,14.8,15.6,18.3,18.7,17.8,16.9,19.0,18.7,18.2,19.8,15.4,16.4,,,,,,17.177551020408163
5,16,,18.5,16.8,16.0,20.3,15.4,15.9,15.4,18.6,,,,17.8,16.5,17.0,22.8,16.7,15.2,15.4,17.8,16.7,15.3,17.8,16.6,20.4,17.9,17.6,17.1,15.9,20.7,19.1,17.4,16.4,16.2,18.9,16.4,15.2,16.0,15.2,14.7,14.8,15.7,17.4,17.8,17.4,16.8,19.0,18.7,17.1,18.8,16.8,16.2,,,,,,17.16875
5,17,,19.0,16.8,15.4,19.9,14.7,15.1,14.0,18.8,,,,16.9,16.1,17.2,22.5,16.3,14.7,15.3,17.4,16.0,15.5,18.1,17.3,19.5,18.3,17.4,17.5,16.0,20.6,18.3,16.0,16.2,15.8,18.1,16.4,15.1,17.1,14.2,14.8,15.2,16.0,17.4,17.3,18.2,17.3,19.0,19.0,17.5,18.8,15.6,16.4,,,,,,17.0
5,18,,18.7,16.4,15.2,20.4,15.0,16.6,15.8,17.7,,,,16.9,15.5,17.5,23.0,15.1,14.9,16.1,17.9,17.2,15.1,16.8,17.2,19.8,18.2,17.7,18.3,15.2,21.9,18.3,16.4,16.7,15.8,18.2,16.2,14.6,16.7,15.2,15.3,15.6,16.1,17.5,17.7,17.8,17.4,18.8,19.4,18.2,18.2,15.4,16.5,,,,,,17.127083333333335
5,19,,19.2,16.8,15.3,20.8,15.7,17.0,15.6,18.7,,,,17.0,15.4,17.3,23.9,16.1,14.4,14.0,17.5,16.5,15.5,17.0,17.9,19.8,19.4,17.3,17.8,15.2,21.8,18.6,16.0,16.9,16.1,18.0,15.9,15.1,16.3,15.1,15.8,14.5,16.5,17.4,17.3,18.6,16.9,18.2,19.7,17.8,18.6,15.6,16.6,,,,,,17.175
5,20,,18.2,16.4,15.4,20.7,14.9,17.0,15.8,18.7,,,,16.1,14.1,17.9,22.5,16.4,14.5,14.1,17.6,16.9,15.5,17.0,16.0,19.7,18.0,17.0,17.3,15.4,21.9,18.5,16.1,16.4,16.1,17.9,15.3,15.1,15.9,15.7,15.8,14.7,16.6,17.4,17.3,18.5,17.4,18.4,19.2,17.0,17.7,15.0,16.4,,,,,,16.94583333333333
5,21,,19.0,15.3,14.9,20.2,15.9,16.2,15.8,18.7,18.2,,,17.6,15.5,14.8,22.6,16.7,15.4,14.9,18.2,16.8,14.8,18.0,16.3,19.5,19.3,17.2,16.6,15.4,18.5,18.4,16.4,16.3,16.1,17.2,15.2,15.1,16.3,15.5,15.6,15.2,16.0,16.9,17.3,17.5,17.4,18.4,19.2,17.6,17.8,15.2,16.7,,,,,,16.930612244897958
5,22,,18.8,15.0,14.5,19.6,15.4,16.5,15.6,19.1,15.7,,,17.9,16.4,16.3,21.9,17.1,16.0,15.8,17.0,16.6,15.4,17.4,16.2,19.6,18.6,17.0,15.6,15.0,21.6,18.8,15.6,15.1,16.1,16.9,15.7,15.4,16.8,15.7,15.4,15.2,17.6,17.2,17.5,17.4,16.4,18.7,19.0,17.4,17.4,15.2,16.6,,,,,,16.91224489795919
5,23,,18.6,15.1,15.1,18.9,15.8,16.2,15.8,18.0,16.6,,,17.2,15.3,17.0,23.4,16.8,13.9,15.4,18.8,16.5,15.4,17.6,17.4,17.7,17.8,17.3,15.1,15.9,19.6,18.9,15.7,15.7,15.6,18.1,16.1,15.5,15.7,14.9,15.2,16.0,16.8,17.3,17.7,17.0,16.8,19.3,19.2,17.0,17.6,16.1,16.2,,,,,,16.869387755102043
5,24,,17.5,15.1,15.1,19.6,14.7,16.0,15.2,18.7,17.2,16.4,,17.5,15.5,17.6,23.1,16.8,14.0,15.0,16.4,16.5,15.8,17.0,16.9,19.6,18.7,17.7,16.2,15.2,21.2,18.7,15.7,16.6,14.9,18.4,15.6,15.1,16.9,15.5,15.4,15.3,16.3,16.8,16.5,17.8,16.4,18.5,19.0,17.6,18.0,16.3,15.8,,,,,,16.865999999999993
5,25,,18.0,15.5,15.3,19.9,15.0,15.7,15.2,19.4,16.9,16.5,,15.4,16.2,15.3,23.0,17.0,14.5,15.9,18.2,16.5,15.2,16.5,16.6,19.1,18.5,17.5,17.5,14.7,20.0,19.1,15.8,16.4,16.2,19.3,15.5,15.4,16.7,13.5,15.3,15.5,17.0,17.0,18.0,17.6,15.7,19.0,18.6,17.6,17.8,16.0,16.0,,,,,,16.880000000000003
5,26,,18.2,15.0,12.0,18.5,13.0,16.6,14.9,18.8,18.0,15.1,,16.2,16.0,15.3,22.8,16.8,14.8,15.9,17.8,16.1,15.2,16.7,16.0,19.4,18.9,16.5,16.1,16.0,20.8,18.9,15.0,16.4,15.9,16.8,15.1,15.0,16.0,15.0,14.8,15.4,16.0,16.4,18.3,16.7,16.0,18.8,18.9,17.0,18.2,16.3,16.6,,,,,,16.617999999999995
5,27,,18.9,14.5,14.0,19.2,14.2,16.2,15.0,19.1,14.6,15.8,,16.3,16.0,16.4,23.2,16.9,15.0,15.2,18.0,16.3,15.3,18.1,16.9,17.2,19.1,16.7,16.6,14.9,18.4,18.5,15.2,16.1,13.7,18.0,15.3,15.4,16.0,13.9,13.8,16.1,15.8,16.8,17.4,17.4,16.5,19.2,19.6,16.7,18.2,15.8,16.5,,,,,,16.598
5,28,,19.1,14.2,15.0,19.0,14.2,16.4,14.8,18.2,16.4,15.6,,17.2,16.5,16.8,22.5,14.8,13.8,16.0,18.1,16.6,15.3,17.4,16.8,19.7,19.1,16.0,16.0,15.4,19.0,18.9,15.6,15.8,15.1,17.5,15.7,15.6,16.2,15.0,14.4,,16.3,16.9,18.1,18.5,15.7,19.0,19.2,16.8,17.7,14.8,16.2,,,,,,16.712244897959188
5,29,,18.2,14.8,14.6,19.0,13.8,16.6,14.6,18.0,16.6,14.5,,17.2,15.8,16.3,23.0,15.6,14.4,16.1,18.2,16.8,16.5,16.7,16.1,18.1,18.4,16.5,14.9,16.1,19.6,19.0,15.5,15.9,15.6,17.0,15.3,15.4,16.5,14.0,13.0,,16.3,16.9,16.2,18.0,16.2,18.9,20.1,17.0,17.8,14.9,15.8,,,,,,16.577551020408162
5,30,,18.6,14.3,14.8,19.8,14.0,16.4,14.4,18.2,17.0,14.4,,17.4,16.5,15.9,22.6,16.4,13.8,15.8,18.0,17.0,16.1,18.3,14.4,18.5,18.5,16.6,16.5,14.9,21.1,18.5,15.7,15.5,15.6,15.8,14.9,13.2,16.2,13.3,14.2,,16.7,,17.4,18.5,15.5,18.2,19.8,16.6,17.4,14.7,16.2,,,,,,16.543750000000006
5,31,,15.9,16.0,15.0,19.5,14.8,16.0,14.1,18.9,16.6,14.4,,16.7,16.5,16.2,22.9,16.8,14.4,15.3,17.8,16.8,14.9,17.2,15.3,18.1,18.9,17.3,16.4,15.5,21.2,18.9,15.0,14.4,16.2,16.5,15.7,15.0,16.0,15.0,14.2,,16.0,,,18.1,15.0,17.7,19.0,16.4,17.0,14.6,15.8,,,,,,16.508510638297874
6,1,14.4,18.5,15.3,14.7,19.2,15.1,14.2,13.9,18.0,17.0,15.2,,16.5,15.4,14.7,23.1,16.5,15.0,14.2,18.5,16.6,15.3,17.2,15.1,18.1,18.8,15.1,16.6,14.7,20.8,18.3,15.0,14.9,16.0,16.5,14.0,14.5,16.3,15.4,14.8,15.2,15.5,16.0,17.2,19.4,15.3,19.0,19.1,15.7,17.2,14.8,15.6,,,,,,16.341176470588238
6,2,14.2,18.3,15.5,15.0,19.4,14.7,15.5,14.6,17.5,14.5,15.5,,16.3,15.4,15.4,23.7,16.2,15.2,13.5,15.5,15.0,16.0,17.0,17.8,18.3,18.3,16.1,15.5,14.9,21.0,18.3,14.3,16.6,16.3,16.6,14.9,15.0,16.4,15.1,13.9,15.4,15.5,16.9,17.6,19.5,15.6,19.2,19.5,16.6,17.8,15.0,16.0,,,,,,16.427450980392155
6,3,13.3,18.8,15.5,14.9,19.3,14.3,15.7,14.2,17.2,15.0,16.1,,17.7,14.6,17.5,23.3,16.5,15.2,15.0,17.8,14.9,15.8,16.5,16.4,18.2,17.4,16.2,15.5,14.8,21.0,19.3,14.5,16.2,15.5,16.9,13.9,15.4,15.8,15.1,13.9,14.9,15.9,16.6,17.6,19.2,14.4,19.6,18.8,16.0,17.0,15.2,15.8,,,,,,16.39411764705882
6,4,14.4,19.0,15.2,16.0,19.4,13.9,15.9,14.4,16.7,16.8,15.3,,16.7,16.5,17.8,23.3,16.1,15.7,16.1,17.7,15.2,16.1,16.6,16.5,17.9,17.1,16.1,15.6,15.0,20.3,18.1,15.2,16.0,15.9,16.7,14.8,15.3,15.9,15.0,13.4,15.0,16.5,15.7,18.3,18.2,14.9,18.4,18.7,15.8,17.2,15.0,15.3,,,,,,16.443137254901963
6,5,14.6,18.4,15.0,15.8,20.1,14.1,16.2,14.2,18.4,16.8,15.8,,16.1,16.5,15.0,22.8,16.4,14.8,13.8,18.1,14.9,15.5,16.3,17.0,17.7,17.9,13.5,16.3,15.2,20.9,18.1,15.7,16.5,15.8,16.5,14.9,14.9,15.6,15.2,13.5,16.2,15.9,15.5,18.4,18.7,15.5,18.4,19.8,16.0,17.0,15.2,15.2,,,,,,16.403921568627453
6,6,14.5,18.5,15.2,15.5,19.8,12.5,16.9,14.0,17.9,17.0,15.7,,17.4,16.3,15.4,22.4,16.4,15.7,14.2,13.8,15.3,15.3,16.5,15.3,17.3,18.5,16.0,16.0,14.9,20.8,18.2,16.2,16.4,16.0,15.5,15.2,15.4,15.3,15.1,13.9,16.0,15.7,15.8,18.3,18.7,15.6,19.2,19.4,15.7,17.2,15.6,15.4,,,,,,16.368627450980394
6,7,14.4,18.2,14.9,15.0,19.3,13.0,16.1,14.0,18.8,14.4,14.6,,15.7,16.7,16.6,22.9,16.5,16.0,14.5,14.0,15.5,15.5,15.9,16.5,16.8,18.3,14.6,14.1,14.4,21.8,19.0,15.8,15.8,15.6,15.1,14.2,15.2,15.3,15.4,14.3,15.3,16.0,15.6,18.7,18.6,15.4,18.6,19.6,14.4,17.0,15.6,15.4,,,,,,16.17450980392157
6,8,12.3,17.6,15.1,14.9,19.4,13.1,15.0,13.6,18.9,14.8,16.6,,16.2,13.2,16.9,23.1,16.0,15.7,14.0,16.4,14.1,15.9,15.8,16.0,17.3,17.9,16.1,15.1,14.4,19.0,18.5,16.0,15.7,15.9,15.8,14.8,15.0,15.2,15.7,13.9,15.3,15.5,16.4,18.5,18.7,15.4,18.0,19.8,16.2,17.0,15.7,15.2,,,,,,16.129411764705882
6,9,13.2,18.0,14.6,14.7,17.4,13.8,16.0,13.6,18.7,16.4,14.6,,17.2,14.3,17.8,23.1,16.2,16.0,14.5,18.6,14.2,15.5,16.2,16.3,16.7,17.9,15.7,14.4,14.4,20.7,19.1,14.0,14.7,16.2,16.2,15.8,14.9,14.8,16.2,14.2,15.4,15.7,16.1,18.2,18.4,15.7,17.8,20.6,15.8,17.0,15.0,16.0,,,,,,16.245098039215687
6,10,14.7,17.4,15.1,15.0,18.7,15.0,15.9,13.8,19.0,16.0,15.2,,17.0,12.7,13.9,21.1,16.0,15.8,14.8,17.4,15.3,15.4,16.4,16.2,17.6,18.3,15.2,15.2,14.7,22.0,18.0,15.0,16.0,15.8,15.7,15.4,14.6,14.7,15.3,13.9,16.4,15.5,16.1,18.2,18.4,15.7,18.4,19.8,16.2,16.8,15.2,14.9,,,,,,16.211764705882352
6,11,14.8,17.7,15.6,15.6,19.4,14.0,15.6,13.7,17.8,16.8,15.8,,17.7,14.7,17.5,22.8,16.3,16.5,15.0,17.7,15.2,15.9,16.8,16.3,17.2,18.2,16.1,16.3,14.3,22.2,18.5,15.4,16.1,15.6,15.4,14.7,14.7,15.1,15.4,14.1,15.9,14.8,16.3,18.3,18.7,16.5,18.0,19.2,16.0,17.0,15.0,15.2,,,,,,16.458823529411767
6,12,14.8,17.8,15.2,15.1,19.4,13.6,15.7,14.0,18.4,16.2,15.2,,17.5,14.1,17.7,23.0,16.5,16.5,15.0,17.1,15.3,15.2,16.2,16.9,16.8,18.2,16.8,14.3,14.4,21.4,18.1,15.2,16.1,15.2,15.2,15.9,14.6,15.5,15.5,13.5,16.3,15.5,16.1,18.3,19.3,15.8,17.2,19.0,16.5,15.8,15.0,15.0,,,,,,16.331372549019605
6,13,12.9,17.2,14.8,15.0,20.3,13.8,15.7,14.6,17.8,17.0,15.4,,17.2,15.5,17.4,22.0,15.6,15.5,14.9,14.0,15.8,15.2,15.8,17.1,17.4,18.2,17.1,16.1,14.8,21.7,18.1,15.2,16.0,15.8,15.4,16.4,14.7,15.3,15.9,13.5,16.0,15.5,16.2,18.0,18.7,16.1,18.4,19.2,16.2,16.8,15.1,15.9,,,,,,16.35686274509804
6,14,12.8,17.3,14.8,14.6,19.9,14.3,16.4,13.9,17.6,16.0,15.4,,16.4,15.6,17.4,21.7,16.4,15.1,14.1,15.1,14.0,15.5,15.3,16.0,17.4,18.5,17.3,16.5,15.3,22.0,18.7,15.3,16.5,15.1,15.6,16.6,14.4,15.3,15.9,13.1,15.9,16.3,16.3,16.8,19.1,16.5,18.4,18.2,15.0,16.4,14.8,16.0,,,,,,16.250980392156862
6,15,14.1,17.4,14.6,14.5,18.3,14.4,15.9,14.6,16.7,16.2,15.2,,16.4,15.8,17.5,22.1,15.7,16.2,14.7,18.0,16.0,12.9,15.3,16.1,15.1,18.2,16.5,16.7,14.8,21.8,18.8,15.2,16.0,16.1,15.4,15.6,14.4,15.0,15.6,13.4,15.2,16.3,16.2,18.4,18.7,16.7,17.8,18.4,15.8,16.4,14.5,15.7,,,,,,16.22156862745098
6,16,11.8,17.0,14.6,14.9,17.2,15.4,15.5,14.0,18.4,16.0,16.0,,16.7,16.2,17.4,22.7,16.2,15.2,15.0,17.4,15.2,15.2,15.2,13.3,17.7,18.1,16.6,16.6,14.8,21.6,18.1,15.2,16.3,15.7,15.6,15.6,14.6,15.3,15.1,14.2,15.8,15.5,16.0,18.2,18.7,16.4,18.0,18.5,16.6,15.8,14.5,15.4,,,,,,16.215686274509807
6,17,13.9,16.2,14.5,14.5,18.8,15.4,15.8,13.6,17.4,16.7,16.0,,16.6,15.7,16.0,22.7,16.0,15.6,15.3,16.5,15.9,14.9,15.1,16.2,17.6,17.8,16.2,14.1,14.6,21.8,18.4,16.0,16.0,15.7,15.9,15.6,13.9,15.3,15.4,13.8,16.2,16.3,16.0,17.2,18.2,16.1,18.4,18.8,16.6,15.8,14.6,14.9,,,,,,16.205882352941174
6,18,14.2,16.6,14.6,15.0,19.2,15.1,15.5,13.8,18.2,16.7,14.8,,17.3,14.4,16.8,22.5,15.9,16.3,14.4,16.2,15.3,13.7,15.0,17.3,17.4,17.8,16.6,14.5,14.9,21.1,16.8,15.6,16.2,15.4,15.9,15.4,14.4,16.0,15.4,13.6,15.9,16.1,15.7,18.7,18.5,16.3,19.2,19.0,16.0,16.0,14.4,14.8,,,,,,16.20392156862745
6,19,14.4,16.7,14.6,14.9,18.6,15.2,15.4,14.2,15.6,16.7,15.4,,16.9,15.2,14.8,23.0,16.3,13.9,14.2,16.3,14.8,13.7,15.2,16.3,17.7,18.2,16.2,16.0,15.1,21.9,17.6,15.5,15.5,15.3,15.2,15.6,14.6,14.4,15.4,14.0,15.7,16.4,16.0,18.3,18.5,15.7,19.3,19.4,16.2,16.6,14.2,14.9,,,,,,16.111764705882354
6,20,14.2,17.2,14.4,15.4,18.2,14.5,15.7,15.1,19.2,16.2,15.0,,17.8,15.2,17.8,22.2,16.0,14.5,14.3,16.5,15.0,15.9,14.8,17.3,16.7,17.1,16.4,15.9,14.9,20.6,17.2,14.2,15.3,14.9,14.7,15.1,14.8,15.4,16.2,14.3,16.1,16.9,16.0,17.6,18.0,15.6,19.3,19.0,16.2,16.8,14.2,14.9,,,,,,16.209803921568625
6,21,14.3,17.0,14.8,14.9,18.0,14.0,15.7,14.8,18.5,17.2,14.5,,15.8,16.3,16.9,21.9,16.4,14.8,14.4,16.7,15.1,16.4,15.0,16.8,17.5,17.9,16.0,14.3,14.6,21.5,17.3,15.0,14.9,14.5,15.1,15.5,14.6,15.1,16.3,12.8,16.8,16.7,15.6,17.5,17.8,15.6,19.2,19.0,15.6,16.6,14.8,14.6,,,,,,16.13529411764706
6,22,14.3,16.2,14.2,14.5,17.1,14.0,15.4,15.0,18.8,16.3,15.1,,16.7,16.0,17.2,22.3,16.4,15.4,15.3,16.5,11.2,15.8,15.1,16.8,17.8,18.2,15.1,15.5,14.6,21.2,17.2,15.3,15.2,15.1,14.9,15.8,15.4,14.9,15.7,13.9,16.6,16.5,15.2,17.7,17.6,15.4,19.2,18.8,15.2,16.2,14.4,14.6,,,,,,16.054901960784317
6,23,14.2,16.2,13.9,14.7,18.9,14.5,15.5,15.0,18.6,16.2,15.6,,16.5,16.5,13.0,21.5,15.4,15.5,12.6,17.1,13.7,16.7,15.4,16.3,17.1,18.5,15.2,15.0,14.6,19.0,18.0,15.3,15.2,14.6,15.0,15.0,14.6,15.4,15.9,14.0,16.5,16.9,15.8,17.6,17.9,15.2,19.0,19.4,15.6,16.7,14.6,14.8,,,,,,15.998039215686275
6,24,13.7,16.1,14.0,14.5,18.0,14.6,15.0,14.9,18.3,16.6,15.1,,16.7,15.8,14.0,21.6,16.0,13.7,15.0,16.5,14.9,14.6,16.0,16.3,17.0,18.1,14.8,15.4,14.5,21.1,17.6,15.6,15.5,14.7,14.8,14.6,14.8,15.5,15.9,14.3,16.4,17.3,15.7,16.7,17.8,14.8,19.1,19.2,15.6,17.0,15.0,14.6,,,,,,15.98627450980392
6,25,14.1,16.3,14.3,14.0,17.8,14.1,15.2,15.0,18.2,16.5,15.5,,16.9,15.4,16.4,21.7,15.8,15.4,15.2,17.0,11.9,16.3,16.2,15.6,17.7,18.6,15.2,15.1,14.2,20.2,17.8,15.5,15.4,15.2,15.0,14.6,14.8,15.3,16.1,13.4,16.1,16.9,15.1,16.8,16.6,15.1,18.8,18.9,15.2,17.0,15.1,15.0,,,,,,15.990196078431373
6,26,14.4,14.8,14.5,14.6,18.0,14.2,15.3,14.9,18.2,16.8,15.4,,14.5,15.5,16.4,21.2,14.9,16.7,14.0,15.8,14.8,16.3,15.5,15.5,17.5,18.9,15.4,12.1,14.3,21.5,17.5,12.3,14.3,15.0,15.6,15.3,14.8,15.1,16.2,13.9,16.0,16.8,15.4,17.0,17.5,14.9,18.9,18.6,16.0,16.0,15.2,15.0,,,,,,15.866666666666665
6,27,11.0,15.9,14.2,14.4,19.0,13.9,15.6,13.9,18.1,16.2,15.9,,15.8,15.6,14.9,20.9,16.0,16.1,14.4,16.2,16.2,16.4,14.8,15.6,17.4,18.8,15.7,14.5,14.3,20.8,17.0,17.0,16.4,15.2,15.9,15.6,14.8,15.2,16.5,13.6,16.0,17.5,15.6,17.4,17.8,14.5,18.4,19.7,16.0,17.0,15.0,14.7,,,,,,16.064705882352943
6,28,12.5,15.4,14.2,13.8,18.4,13.8,15.6,14.4,18.0,16.5,15.8,,15.6,15.2,16.4,20.6,15.9,15.5,14.6,16.2,14.8,16.4,14.6,15.8,17.5,19.1,16.1,14.2,14.5,21.3,17.0,15.1,15.6,15.3,15.8,15.5,14.2,15.5,15.9,13.3,16.0,17.0,15.3,17.7,17.4,14.5,17.8,18.0,15.8,16.6,15.4,,,,,,,15.947999999999997
6,29,12.6,15.5,14.1,13.8,19.4,14.4,16.0,14.3,17.6,17.2,15.2,,15.4,15.3,16.0,20.8,14.5,16.0,15.2,16.5,12.0,16.2,14.8,13.8,16.7,17.6,15.4,14.4,14.0,21.2,18.0,15.7,14.8,15.0,15.8,14.6,14.6,15.5,15.7,13.3,16.2,16.8,14.9,17.3,17.9,14.8,17.6,22.4,16.0,16.4,15.2,,,,,,,15.887999999999998
6,30,13.8,15.5,14.5,14.2,19.6,13.5,16.0,14.9,17.2,16.6,15.4,,16.0,16.1,15.6,20.4,14.2,,15.2,16.7,14.8,16.0,15.0,16.2,14.3,18.0,15.2,13.3,13.8,20.9,17.4,16.1,15.8,15.1,15.7,15.4,15.0,13.5,15.8,13.2,16.5,17.9,14.7,17.0,18.4,13.9,17.5,18.2,15.8,16.5,15.2,,,,,,,15.86734693877551
7,1,13.8,15.2,14.0,13.6,19.5,13.8,16.3,15.0,,16.8,15.8,,16.5,16.2,16.5,21.6,14.8,15.5,15.2,16.6,13.7,15.5,14.5,15.7,16.0,17.9,15.7,14.5,13.9,20.6,16.8,16.6,15.5,15.2,15.0,15.6,14.9,15.6,16.2,13.3,17.1,18.1,14.8,16.5,17.9,14.6,16.6,18.6,15.8,,15.0,,,,,,,15.924999999999999
7,2,11.6,14.5,13.5,13.8,19.1,13.8,16.4,14.8,,16.7,14.8,,16.8,14.6,16.6,20.8,14.6,15.1,14.1,15.9,14.8,15.5,15.1,15.6,16.3,17.4,15.5,14.6,14.5,20.4,16.8,15.0,15.7,14.9,15.6,15.5,15.6,15.3,16.5,13.3,17.1,18.0,14.5,16.1,18.4,14.9,17.0,18.8,16.4,,14.7,,,,,,,15.777083333333332
7,3,13.5,14.7,14.1,13.7,18.2,13.7,15.9,14.8,,15.8,14.1,,16.2,16.4,16.7,19.5,15.1,15.0,13.6,16.8,14.2,15.4,15.4,16.1,15.8,18.2,16.0,15.2,13.9,20.4,16.5,15.6,16.3,15.1,15.1,16.4,15.9,15.4,15.5,13.2,16.9,17.7,14.5,16.7,18.4,14.4,16.6,18.6,16.2,,14.6,,,,,,,15.79166666666667
7,4,13.3,14.4,14.2,13.5,18.5,14.2,16.1,14.1,,16.7,13.1,,15.5,15.6,17.0,20.9,15.3,15.0,14.0,17.1,13.2,15.5,15.7,16.1,15.9,18.5,15.3,15.2,12.3,17.5,15.5,15.4,16.8,14.8,14.7,16.3,15.5,15.6,17.3,13.2,17.2,17.7,14.6,16.5,17.9,13.8,17.7,18.6,16.2,,14.8,,,,,,,15.704166666666667
7,5,13.6,14.6,14.2,13.4,18.5,14.2,15.8,14.0,,16.0,14.4,,15.8,15.9,16.5,20.5,15.3,15.2,14.2,16.5,14.5,15.0,15.2,16.4,15.6,17.5,16.0,15.1,12.2,19.0,14.6,15.3,16.2,14.9,14.8,16.1,15.4,15.2,18.3,14.4,16.0,17.4,14.9,16.3,17.7,13.9,16.7,18.0,16.4,,15.0,,,,,,,15.679166666666665
7,6,13.1,15.2,14.0,13.4,18.5,14.1,16.2,14.7,,15.9,14.2,,14.9,15.3,16.8,20.9,15.5,15.6,13.8,16.6,14.7,15.6,15.6,16.5,15.5,16.4,15.8,15.8,13.8,20.7,17.5,15.1,15.5,15.0,14.7,16.3,15.1,15.8,17.3,14.8,16.3,17.2,15.1,16.3,18.1,14.1,18.0,17.6,16.2,,15.0,,,,,,,15.835416666666667
7,7,13.9,15.0,12.8,13.6,18.2,13.8,15.5,13.4,,16.2,14.0,,14.5,14.2,17.0,19.1,15.4,15.5,14.0,16.3,14.5,15.3,15.9,13.7,15.2,17.1,15.9,15.2,14.6,20.2,17.1,15.3,15.6,15.1,14.1,16.2,15.1,15.5,17.1,14.4,16.5,17.7,15.3,16.1,17.6,14.7,16.4,17.6,16.4,,14.6,,,,,,,15.59166666666667
7,8,14.0,14.8,13.6,13.8,18.2,14.5,15.3,14.1,,15.2,14.5,,15.8,16.0,16.4,19.4,13.9,15.3,13.9,16.7,14.2,15.6,16.1,16.5,15.1,17.2,15.5,15.3,14.6,20.5,17.2,15.4,16.1,14.8,14.0,15.6,14.7,14.7,17.3,14.1,16.9,17.7,15.0,16.7,17.8,14.7,16.0,18.0,16.0,,15.0,,,,,,,15.70208333333334
7,9,13.4,15.0,13.6,13.6,17.9,14.4,15.5,13.5,,15.7,15.0,,16.0,15.0,16.0,19.8,16.0,14.8,14.5,16.5,13.9,15.8,15.8,16.1,14.7,16.4,15.6,14.6,14.5,20.4,16.3,15.2,16.1,14.7,14.4,15.4,14.8,14.9,16.5,14.4,17.7,17.7,14.3,16.5,18.3,14.3,15.4,18.2,15.8,,15.2,,,,,,,15.627083333333331
7,10,13.5,14.3,13.6,13.4,18.7,13.0,15.1,13.9,,15.0,15.2,,15.0,15.5,15.8,20.1,16.4,15.2,14.7,16.1,13.5,15.7,16.1,16.2,16.4,16.6,15.4,14.6,14.2,20.6,16.3,15.0,16.1,14.7,14.2,15.6,15.0,15.2,17.0,14.4,16.8,16.8,14.8,16.6,18.4,14.8,15.3,17.6,16.0,,15.4,,,,,,,15.62083333333333
7,11,14.4,14.2,13.6,13.8,18.4,14.0,15.7,14.2,,15.3,13.5,,15.8,15.6,15.5,19.1,15.9,15.2,14.8,16.0,13.6,15.6,16.5,16.3,15.2,16.1,15.2,14.8,13.6,20.8,16.4,15.7,16.3,14.9,14.7,15.5,14.2,15.2,17.5,14.2,17.2,16.9,14.4,16.7,18.7,14.6,15.0,17.4,16.5,,14.8,,,,,,,15.614583333333337
7,12,13.9,14.4,13.3,14.1,17.8,13.8,15.6,14.6,,15.6,14.7,,15.7,15.0,15.8,18.9,15.6,14.7,15.1,16.4,13.5,15.0,15.7,16.0,15.4,16.6,15.1,14.8,13.8,20.6,16.8,15.6,15.2,14.9,14.7,15.7,14.5,15.3,16.3,13.9,17.2,17.2,14.6,15.8,18.2,14.5,15.4,17.8,16.0,,15.1,,,,,,,15.545833333333333
7,13,13.8,14.7,13.0,14.0,17.9,13.6,15.2,14.0,,15.6,14.5,,16.0,14.4,15.4,17.5,15.7,15.0,14.0,17.0,13.5,15.6,15.7,15.9,16.4,15.5,15.6,14.6,14.0,20.4,16.8,15.4,16.0,14.5,14.4,15.4,15.2,15.1,15.9,14.1,17.0,17.0,14.2,16.5,17.8,14.7,16.0,16.4,16.4,,15.0,,,,,,,15.464583333333335
7,14,13.7,14.6,12.9,14.2,18.4,13.5,15.3,14.0,,15.9,14.5,,16.6,15.4,14.8,18.8,15.6,14.6,14.5,14.4,13.6,12.7,15.5,15.8,15.9,15.5,15.4,14.4,13.4,20.8,16.1,15.1,15.7,14.1,14.4,15.4,15.4,14.7,17.0,14.0,17.0,17.3,14.1,16.1,17.5,14.4,15.6,16.4,16.0,,15.0,,,,,,,15.33333333333333
7,15,13.1,14.2,13.0,14.6,18.4,14.0,15.2,14.2,,15.3,14.5,,16.4,15.0,15.1,18.7,15.1,14.9,14.9,16.2,14.4,15.3,16.0,15.5,15.7,15.9,15.5,14.2,14.1,21.0,16.4,15.5,15.4,14.6,14.6,15.5,15.3,15.3,16.5,13.6,15.3,17.3,14.2,16.6,17.2,14.0,15.4,17.6,15.8,,15.0,,,,,,,15.447916666666663
7,16,13.9,14.1,12.9,13.8,18.0,13.7,15.4,12.8,,14.9,14.4,,17.0,15.0,16.0,17.3,15.5,12.2,15.4,16.5,14.7,15.5,13.2,15.6,15.6,15.9,15.6,14.8,14.2,21.2,17.1,15.4,14.7,14.2,14.7,17.1,15.1,15.2,16.5,13.8,16.9,17.1,14.7,16.5,17.8,14.4,15.6,16.6,15.2,,14.8,,,,,,,15.385416666666666
7,17,14.1,14.0,12.6,14.0,18.1,13.5,15.3,13.9,,14.9,14.2,,16.0,14.0,16.0,17.4,15.8,15.3,15.0,16.4,12.6,15.0,15.3,16.1,15.2,15.5,15.6,14.7,14.5,21.4,16.5,15.4,15.6,14.4,14.2,14.2,15.0,14.8,16.0,14.1,16.8,17.0,14.4,15.6,18.2,14.4,15.8,16.8,16.0,,15.1,,,,,,,15.347916666666665
7,18,13.8,14.5,13.0,13.8,18.1,13.4,15.3,13.3,,15.6,14.5,,15.8,14.5,16.8,18.2,15.6,15.8,15.4,16.8,13.4,15.4,14.9,15.7,15.1,16.7,15.7,14.6,14.5,21.4,16.3,14.9,15.1,14.4,15.2,14.7,14.4,15.0,16.5,13.6,17.7,17.2,13.4,15.6,18.3,14.3,15.7,16.2,15.4,,14.3,,,,,,,15.4125
7,19,13.8,14.9,12.9,13.8,18.2,14.2,15.4,13.2,,14.7,14.6,,15.2,14.7,14.2,18.5,15.8,15.3,15.5,17.5,14.5,15.6,14.0,15.8,14.9,15.9,12.6,14.3,15.1,21.4,14.7,15.0,15.4,14.6,14.7,14.8,14.8,14.7,15.7,14.0,16.0,16.8,13.6,15.7,18.3,14.4,15.7,16.0,15.0,,14.5,,,,,,,15.227083333333333
7,20,13.3,15.3,13.0,13.8,17.8,14.4,15.4,14.0,,15.4,13.8,,16.1,14.3,16.4,18.4,13.2,13.6,15.0,16.5,14.2,15.5,14.7,15.4,15.0,16.2,15.6,14.6,14.0,21.5,16.3,15.1,15.5,14.2,14.3,15.0,14.9,14.5,16.7,13.6,17.3,16.1,14.0,15.5,18.4,14.6,16.0,16.2,15.0,,15.5,,,,,,,15.314583333333337
7,21,13.5,15.2,13.2,14.0,17.1,14.0,15.0,14.2,,15.5,14.8,,16.4,14.6,16.9,14.5,14.8,15.3,15.5,16.4,14.3,15.8,14.8,15.3,15.0,16.5,15.0,14.4,14.8,20.8,16.3,15.0,15.6,15.0,14.4,15.0,14.9,15.0,17.5,13.7,17.1,15.8,13.5,15.8,18.3,14.6,15.4,17.2,15.2,,14.8,,,,,,,15.36875
7,22,13.8,14.9,13.1,14.0,17.4,14.6,15.0,13.1,,15.6,14.8,,16.8,14.4,16.8,18.1,16.4,15.4,15.0,16.2,14.0,15.1,13.7,15.2,14.9,16.5,15.4,14.2,14.3,21.4,16.7,15.0,15.2,15.0,14.8,16.2,15.3,14.9,17.1,13.7,16.8,15.9,14.4,15.4,18.3,14.8,15.0,17.2,15.0,,15.2,,,,,,,15.45833333333333
7,23,13.2,15.1,12.6,14.0,17.4,14.8,15.3,13.9,,16.2,14.6,,16.0,14.3,16.3,17.4,15.4,15.1,14.7,16.5,13.8,15.3,14.1,15.4,14.8,16.1,15.5,14.7,14.2,21.2,16.8,14.2,15.1,15.0,14.9,16.3,15.1,14.6,16.9,13.4,16.9,16.7,14.2,15.8,17.7,14.4,15.2,16.4,14.9,,14.6,,,,,,,15.35416666666667
7,24,13.4,16.6,12.5,13.9,17.4,12.5,15.0,14.1,,15.0,14.9,,16.5,13.8,16.1,18.6,16.4,12.5,15.4,16.6,13.3,15.6,13.5,15.1,14.9,16.4,14.9,14.6,14.8,21.4,16.8,15.0,14.9,14.3,14.8,15.4,15.0,14.5,16.6,13.8,16.9,16.3,13.8,15.6,17.4,14.6,15.2,16.2,15.2,,14.7,,,,,,,15.264583333333334
7,25,13.9,15.5,13.1,14.5,17.8,14.0,14.2,14.0,,16.0,15.3,,15.9,13.8,16.0,17.1,15.6,15.1,15.7,16.5,13.5,15.6,13.7,14.8,15.6,16.6,14.7,13.9,14.5,21.2,16.0,14.2,15.1,14.7,15.5,15.5,14.8,14.3,16.6,13.7,16.9,15.9,14.2,15.1,17.3,14.6,14.6,15.0,15.0,,15.1,,,,,,,15.254166666666668
7,26,13.5,15.2,13.6,14.4,17.2,14.4,14.2,14.2,,16.4,14.8,,15.7,15.0,14.5,18.2,15.7,14.9,15.1,16.1,13.6,15.1,14.3,15.0,15.8,16.5,14.9,14.4,14.3,21.4,16.0,14.6,15.0,14.5,15.0,15.2,14.7,14.5,17.0,13.4,16.8,15.6,13.3,15.4,17.6,14.4,14.2,16.0,15.6,,14.4,,,,,,,15.241666666666667
7,27,13.5,15.6,13.4,14.0,17.4,11.2,14.4,14.8,,16.1,15.5,,16.0,13.7,15.9,18.1,15.8,12.6,15.5,13.8,13.5,15.0,14.0,15.0,15.5,16.7,15.3,14.8,14.2,21.4,15.6,14.4,15.7,14.2,15.0,15.0,14.8,14.2,17.0,13.5,17.0,15.5,13.1,16.1,17.5,14.1,14.4,16.0,15.6,,14.6,,,,,,,15.125
7,28,13.4,15.0,13.8,13.8,18.0,14.0,15.0,13.7,,16.0,14.6,,15.5,13.8,15.7,18.2,16.0,15.0,15.8,16.0,13.8,15.3,14.0,15.0,14.9,16.2,15.0,14.0,14.5,21.8,15.4,15.0,15.6,14.8,15.1,14.5,14.9,14.2,17.5,13.5,16.8,15.2,13.6,16.1,17.1,14.7,14.0,15.6,,,14.5,,,,,,,15.231914893617025
7,29,14.2,14.0,13.3,14.0,17.4,13.4,13.9,14.0,,16.2,13.9,,16.0,14.8,15.6,17.9,15.7,15.0,15.5,16.4,14.0,15.0,13.8,14.8,15.2,16.3,14.8,14.6,14.4,21.4,16.0,14.5,15.6,14.4,15.0,14.8,14.7,14.1,16.2,13.8,16.8,15.4,13.6,15.4,16.6,14.9,14.2,15.8,,,14.6,,,,,,,15.146808510638298
7,30,14.2,14.5,13.3,14.1,18.2,13.5,14.2,14.2,,16.0,13.2,,15.6,,16.1,17.1,15.8,15.0,15.0,16.0,14.2,14.9,13.3,13.4,16.0,16.1,15.1,14.5,14.1,21.0,16.1,14.7,15.9,13.6,14.2,14.9,15.1,14.4,16.4,13.8,16.5,16.0,13.7,15.5,17.2,14.4,14.0,16.3,,,14.4,,,,,,,15.12391304347826
7,31,13.9,14.5,12.9,13.8,17.4,13.5,13.9,14.1,,16.4,14.8,,15.4,,15.8,18.3,15.8,12.1,15.4,16.1,14.0,15.4,13.7,15.4,15.0,16.1,15.1,14.2,14.2,21.4,16.1,14.7,14.1,14.2,14.2,14.3,14.3,14.6,16.5,13.6,,,13.3,15.9,,,14.4,16.4,,,14.1,,,,,,,14.983333333333333
8,1,14.2,15.2,13.0,13.6,17.5,14.0,14.0,14.4,17.7,15.3,14.8,,15.3,14.5,15.8,17.8,15.7,12.0,15.0,16.8,14.2,14.1,13.3,15.3,15.5,15.3,15.4,14.1,14.4,21.2,16.0,15.1,14.2,14.5,14.6,14.3,14.6,14.3,16.8,13.8,15.4,15.6,13.8,15.7,15.9,16.5,14.6,15.8,15.4,,14.7,,,,,,,15.122448979591834
8,2,13.4,14.4,13.3,14.6,18.0,13.8,14.6,13.4,17.6,15.9,14.5,,15.2,14.1,16.1,17.9,14.1,14.1,15.0,16.2,14.0,15.3,14.3,15.4,15.1,15.2,14.9,14.6,14.7,21.2,15.5,14.8,16.0,14.5,14.8,15.2,14.2,15.1,16.4,13.9,16.0,15.4,13.3,15.3,15.8,14.3,15.0,16.4,15.0,,14.5,,,,,,,15.148979591836731
8,3,14.2,14.4,13.7,15.0,17.6,14.0,14.6,13.7,17.5,15.7,14.3,,15.2,14.8,16.0,18.0,15.9,14.0,15.3,16.0,13.9,15.4,14.0,15.2,15.2,16.8,15.1,14.4,14.5,20.1,15.2,15.0,15.5,14.4,14.3,15.5,14.5,14.7,15.6,14.0,15.4,15.6,13.2,14.3,16.2,14.3,15.2,15.6,15.6,,14.6,,,,,,,15.167346938775513
8,4,14.0,13.5,13.0,14.2,17.7,13.4,13.8,13.7,17.9,15.0,14.5,,15.6,12.5,16.5,17.8,16.1,13.6,15.8,16.2,14.0,15.3,14.3,15.2,15.1,15.4,14.8,14.6,14.8,19.9,15.4,14.6,15.7,15.0,14.4,15.4,15.0,14.8,15.7,13.7,15.4,15.5,13.2,15.5,16.1,14.2,14.8,16.4,15.2,,14.5,,,,,,,15.075510204081636
8,5,13.9,14.2,13.2,13.8,17.9,13.5,13.9,13.9,16.8,15.8,15.1,,15.7,15.5,15.8,18.6,15.8,14.4,15.4,16.6,13.8,14.9,14.3,15.5,15.3,16.3,13.0,14.5,15.2,20.2,15.5,14.4,15.6,14.8,13.8,14.4,14.9,15.1,16.7,13.4,16.1,15.4,13.3,14.8,15.8,13.9,15.2,15.6,15.4,,14.0,,,,,,,15.120408163265303
8,6,13.9,13.0,13.0,13.8,17.6,13.3,13.4,13.6,17.8,15.7,14.8,,15.6,15.6,16.0,17.7,15.2,14.8,15.5,16.4,13.9,15.0,14.1,15.4,15.2,16.3,14.9,14.2,15.1,20.2,15.6,15.4,15.9,15.0,14.7,14.8,14.2,15.2,16.8,13.3,15.8,16.0,13.3,14.7,15.8,14.8,14.8,16.5,15.2,,14.1,,,,,,,15.161224489795913
8,7,14.2,14.5,12.8,14.2,16.9,14.0,13.9,13.8,17.4,15.5,15.3,,12.2,15.0,15.8,18.0,15.0,14.5,15.7,16.4,13.8,14.9,13.7,15.2,14.8,16.5,15.0,14.1,14.8,20.1,15.4,15.6,15.4,14.5,14.7,14.8,14.5,15.2,16.7,13.1,15.7,16.7,13.9,15.1,15.8,14.1,14.8,15.8,15.0,,13.8,,,,,,,15.073469387755102
8,8,14.5,14.2,12.8,14.6,17.4,13.8,12.6,13.6,16.8,15.9,14.4,,15.0,15.2,15.8,15.9,14.5,11.9,15.1,16.1,13.6,15.0,13.8,14.4,15.2,16.6,15.1,13.9,15.1,20.4,15.3,15.6,15.4,14.5,14.3,14.7,14.6,15.0,16.7,12.8,15.6,16.1,13.7,15.1,15.8,14.1,14.4,16.6,15.2,,13.9,,,,,,,14.95102040816327
8,9,14.2,14.2,13.2,14.0,17.3,13.4,14.5,13.8,16.5,15.0,14.4,,13.9,15.5,16.8,16.8,15.2,14.6,15.5,15.8,13.8,14.7,15.0,14.5,15.1,15.8,15.2,14.2,15.1,20.2,15.5,14.9,14.5,14.2,14.3,14.0,14.2,14.4,16.7,13.0,16.2,15.6,13.8,14.7,16.1,14.3,15.2,16.2,15.4,,14.0,,,,,,,15.008163265306127
8,10,14.2,14.3,12.8,13.6,18.3,13.6,14.2,13.5,16.3,15.8,14.4,,15.4,15.3,15.8,18.2,15.4,14.6,15.1,15.5,13.6,14.0,14.0,15.0,14.9,16.6,14.9,14.1,15.2,20.7,15.6,14.8,15.1,14.6,14.4,14.0,14.3,14.3,16.4,13.1,16.0,15.4,13.4,14.7,15.7,14.3,14.8,16.1,15.0,,14.4,,,,,,,15.014285714285716
8,11,13.4,14.3,13.6,13.8,17.9,14.0,14.0,13.7,17.0,15.4,14.7,,14.8,15.1,15.3,18.3,15.5,14.1,15.8,16.0,13.4,,14.6,15.0,14.8,16.7,14.7,14.8,14.8,19.8,16.1,14.8,15.5,15.0,14.0,13.8,14.3,15.4,16.0,13.7,15.9,14.7,13.9,15.3,15.6,13.9,14.8,16.8,14.8,,14.4,,,,,,,15.083333333333329
8,12,13.6,14.6,12.8,13.5,17.8,11.4,14.3,12.7,16.6,16.0,14.3,,14.3,15.0,15.6,18.0,15.2,14.2,15.1,15.4,13.7,,14.2,14.3,14.5,16.6,14.2,14.8,14.7,19.8,15.9,14.9,15.5,14.7,14.1,14.1,14.3,15.8,16.2,13.3,15.5,15.5,14.3,15.3,15.7,13.9,14.8,16.5,14.7,,14.6,,,,,,,14.93333333333333
8,13,14.2,14.8,11.4,13.5,17.5,13.6,14.3,12.7,16.6,15.7,14.1,,14.4,15.0,15.5,18.2,15.5,14.3,15.4,15.6,12.8,,14.0,14.3,14.4,16.2,14.7,14.6,14.5,20.6,15.5,15.9,15.4,14.5,14.1,14.1,15.3,14.9,16.4,12.8,16.7,15.2,14.3,15.7,15.9,13.8,14.6,16.5,15.0,,14.2,,,,,,,14.983333333333334
8,14,14.5,14.2,13.0,13.7,17.9,13.2,14.2,13.4,16.6,14.8,14.0,,15.0,14.9,15.0,17.7,15.8,14.1,15.3,15.7,14.0,14.5,14.6,14.2,14.5,15.8,15.3,14.8,15.0,19.6,14.9,15.5,14.9,14.7,13.9,13.9,14.6,14.7,15.6,13.2,15.8,15.1,14.1,14.9,15.7,14.3,15.0,16.4,15.2,,14.3,,,,,,,14.938775510204083
8,15,13.8,14.3,13.6,13.7,18.3,13.4,14.2,13.0,16.0,15.4,15.3,,15.2,14.7,15.2,17.4,15.2,14.2,15.3,16.4,13.8,14.5,14.8,14.8,14.8,15.9,14.4,14.4,14.8,19.6,14.6,15.0,15.7,14.3,14.5,13.9,14.7,15.0,16.2,13.1,16.2,15.3,14.1,14.9,15.4,14.2,14.6,16.2,15.0,,15.0,,,,,,,14.98571428571429
8,16,14.2,14.3,13.0,13.8,17.9,13.0,14.7,13.4,15.6,15.2,13.6,,14.6,14.5,15.5,17.5,14.8,14.6,15.4,16.8,14.0,14.2,14.8,15.2,15.0,16.5,14.8,14.6,15.0,20.0,15.2,15.5,15.0,14.2,14.4,11.9,14.8,15.0,16.0,13.6,15.7,15.2,13.8,14.9,15.8,13.9,14.4,15.8,15.2,,14.7,,,,,,,14.928571428571427
8,17,13.8,14.0,12.8,14.0,16.7,13.2,13.8,13.4,15.4,14.7,14.2,,14.4,14.9,15.8,16.9,15.2,14.4,15.4,16.4,13.7,14.6,14.6,15.0,15.4,16.1,15.1,14.4,14.6,19.7,15.1,15.0,15.4,14.3,14.6,14.7,15.0,14.9,15.9,13.4,15.3,15.1,14.0,15.1,15.1,14.1,14.5,15.8,15.6,,14.7,,,,,,,14.902040816326531
8,18,13.8,14.4,12.8,14.0,17.6,13.1,14.0,13.3,15.5,14.2,14.4,,14.7,14.7,15.4,17.6,15.1,14.2,15.5,15.9,13.3,14.8,14.3,15.2,15.2,16.3,15.2,14.2,14.4,19.7,14.9,15.5,15.6,14.4,15.0,14.6,14.7,14.8,15.8,13.2,16.3,15.0,13.7,14.5,15.7,14.5,14.8,16.2,15.0,,14.0,,,,,,,14.918367346938773
8,19,14.8,14.4,13.1,13.8,17.0,13.8,14.6,13.0,14.9,14.8,14.9,,15.0,14.4,15.4,17.2,15.0,14.7,16.0,15.8,13.4,14.0,14.0,15.7,15.0,16.7,15.5,14.2,14.2,19.9,14.3,15.8,14.7,14.3,15.1,13.9,14.8,15.2,16.0,13.0,15.7,15.2,13.8,14.5,15.4,13.9,14.8,16.0,15.4,,14.2,,,,,,,14.922448979591834
8,20,14.5,14.2,13.9,14.0,17.2,14.4,14.7,14.2,16.1,14.5,14.9,,15.2,14.3,15.6,18.3,15.2,14.4,16.1,16.4,13.4,14.8,14.0,15.3,14.9,16.7,15.4,14.3,14.8,19.6,14.8,16.1,15.4,14.1,15.0,14.5,14.7,15.7,15.6,13.2,16.1,14.7,13.9,14.4,15.3,14.2,14.9,15.5,15.2,,13.6,,,,,,,15.065306122448986
8,21,14.0,13.5,13.7,13.8,17.2,13.8,14.3,13.3,16.0,14.0,14.6,,15.5,15.2,15.5,18.2,15.3,15.0,15.5,15.8,12.2,14.5,13.9,15.3,15.1,16.5,15.6,14.4,14.4,19.1,15.0,15.8,15.1,14.2,14.7,14.0,14.3,14.8,16.0,13.2,15.6,15.2,14.2,14.7,15.4,14.3,14.8,16.2,15.0,,14.1,,,,,,,14.934693877551021
8,22,14.4,15.6,13.3,13.6,17.4,13.8,14.5,11.8,15.0,13.9,15.0,,14.2,15.2,16.0,18.0,15.1,14.4,15.2,15.4,13.9,14.8,14.0,15.0,15.3,16.5,15.5,14.8,14.3,19.2,15.6,15.3,15.1,14.3,14.5,14.5,14.4,15.4,15.7,13.0,15.2,15.4,13.8,14.4,15.3,14.8,15.2,16.6,14.9,,13.9,,,,,,,14.946938775510203
8,23,13.8,14.6,13.2,13.5,17.4,14.2,15.2,13.2,15.8,14.0,14.8,,14.2,15.2,15.5,17.6,15.0,14.4,15.6,15.7,13.5,15.0,14.3,14.9,14.8,15.5,14.9,14.2,15.2,19.4,15.7,15.6,15.6,14.6,14.2,14.8,14.4,15.0,16.1,13.2,16.1,14.9,13.7,14.0,14.8,14.6,14.6,16.8,15.0,,14.1,,,,,,,14.946938775510203
8,24,13.8,14.8,13.2,13.1,15.7,14.0,14.0,13.2,16.0,14.4,15.0,,14.8,14.9,15.6,17.9,15.2,14.4,15.6,15.8,13.4,14.4,14.1,15.0,15.1,15.6,15.1,14.0,15.1,19.0,15.3,15.2,15.8,14.5,14.5,14.6,14.4,15.0,16.2,13.4,15.8,14.7,13.6,14.3,15.4,14.8,15.0,16.2,15.4,,14.1,,,,,,,14.906122448979593
8,25,14.1,14.2,13.2,12.8,16.2,13.2,14.6,13.1,16.1,14.6,15.2,,15.0,15.0,15.5,16.7,15.2,14.7,15.0,15.8,14.4,14.7,14.7,14.8,14.9,16.3,15.0,14.7,14.7,19.4,15.0,15.1,15.9,14.4,14.8,14.1,15.3,14.8,15.7,13.3,16.0,15.3,14.2,14.2,15.5,14.7,14.8,17.0,15.2,,14.2,,,,,,,14.965306122448979
8,26,14.4,14.8,13.2,13.0,15.3,14.2,14.9,13.4,15.6,13.9,15.1,,14.7,14.9,15.2,17.4,15.0,14.4,15.0,15.9,14.1,14.6,14.1,15.0,14.9,15.9,15.2,15.2,14.1,19.6,15.0,15.5,16.2,14.2,14.7,14.4,14.3,15.2,15.9,13.2,15.3,15.5,14.1,14.5,15.5,14.3,14.8,16.1,15.0,,14.2,,,,,,,14.916326530612244
8,27,14.3,15.0,12.7,12.5,16.0,13.8,14.7,13.2,15.6,13.8,14.8,,14.8,15.6,16.3,17.4,14.3,13.7,13.8,16.0,13.5,15.6,14.3,15.4,14.9,16.2,14.9,15.0,14.5,18.6,14.4,14.9,16.0,14.4,15.8,13.9,14.2,15.6,16.0,13.2,15.4,14.7,13.9,14.2,15.4,14.4,14.7,17.0,14.8,,13.9,,,,,,,14.857142857142858
8,28,14.2,15.0,12.9,12.9,15.5,13.6,14.4,13.0,16.1,14.2,15.4,,14.9,15.9,14.9,17.5,14.8,15.0,15.2,15.3,13.8,14.6,13.6,15.4,14.9,15.4,15.2,14.9,14.7,19.8,15.2,14.4,15.8,14.2,14.7,14.1,14.7,14.6,15.4,13.4,15.2,15.2,13.8,14.2,15.3,14.5,14.6,16.8,15.2,,14.0,,,,,,,14.86326530612245
8,29,14.4,14.8,13.6,13.0,15.5,13.6,14.8,13.5,15.3,14.8,14.8,,14.8,16.0,14.7,16.2,15.3,14.6,15.2,15.4,13.0,14.9,13.4,15.1,14.8,15.1,15.5,14.4,14.4,20.1,15.1,15.5,15.4,14.6,14.8,14.6,14.8,15.2,16.3,13.2,15.9,15.5,14.4,14.0,15.5,14.6,14.6,16.8,15.0,,14.3,,,,,,,14.920408163265304
8,30,14.6,15.4,13.4,13.4,15.6,13.8,15.1,13.1,15.6,14.8,14.5,,15.4,16.2,15.4,16.5,15.0,14.8,15.4,15.5,13.6,14.6,13.8,14.9,15.1,15.5,15.6,14.8,14.8,20.2,15.2,15.2,15.8,14.8,15.2,14.4,15.1,15.2,16.2,13.6,16.0,15.6,14.4,14.2,15.1,14.2,14.8,17.0,15.0,,14.2,,,,,,,15.053061224489804
8,31,14.3,15.5,13.5,13.3,16.0,14.4,14.8,12.9,15.0,14.2,14.2,,15.8,15.2,15.8,16.2,15.1,,15.2,16.0,13.4,14.6,13.8,15.7,15.4,15.5,15.6,15.0,14.4,20.4,15.2,15.0,15.2,15.1,15.6,14.2,14.3,14.5,16.1,12.9,16.0,16.6,14.5,14.3,15.4,13.8,14.6,16.5,15.0,,14.4,,,,,,,15.008333333333331
9,1,14.2,14.3,13.2,13.4,15.8,14.2,14.5,12.9,15.8,14.2,13.8,,15.2,15.8,16.3,16.2,14.8,14.8,15.0,15.2,14.1,15.0,13.9,16.4,15.6,15.6,15.6,14.8,14.2,19.2,15.2,14.5,15.2,14.9,15.4,14.4,15.3,15.1,16.0,13.2,15.8,16.1,13.5,14.4,15.4,14.3,14.8,17.5,15.0,14.0,14.5,,,,,,,14.969999999999997
9,2,14.2,14.5,13.3,13.4,16.5,14.4,14.4,12.7,16.3,14.8,14.3,15.4,15.2,15.5,16.2,16.1,15.4,14.7,15.4,16.0,14.8,14.9,13.4,15.3,14.9,15.8,15.4,14.6,14.1,20.0,15.2,15.4,15.0,14.8,15.2,15.2,14.8,14.5,16.7,13.0,15.3,15.7,14.2,14.6,15.7,14.6,14.8,17.0,14.9,14.0,14.6,,,,,,,15.041176470588239
9,3,14.0,15.0,13.6,13.5,16.8,12.8,13.7,12.8,15.6,14.9,14.8,15.3,14.9,15.7,15.7,16.2,16.0,14.5,15.7,15.0,13.9,14.4,13.2,15.6,15.3,15.3,15.2,15.3,14.2,19.7,15.0,15.6,15.0,14.9,15.0,14.4,15.2,14.4,16.9,13.0,15.3,15.5,14.1,13.7,16.1,14.3,14.8,17.6,15.0,14.0,14.8,,,,,,,14.964705882352938
9,4,14.1,15.0,13.5,13.3,16.5,14.2,14.1,12.8,16.0,15.0,14.4,15.4,15.1,15.0,16.4,16.1,14.7,14.6,15.8,14.6,14.4,14.0,14.4,15.8,14.8,15.2,14.8,15.0,13.9,19.8,15.2,15.2,14.6,14.8,15.3,14.0,15.5,14.8,16.6,12.8,15.2,15.6,13.8,14.7,15.7,14.2,14.8,17.8,15.0,14.4,15.0,,,,,,,14.974509803921567
9,5,14.5,14.6,13.5,13.8,16.5,13.4,14.0,13.3,15.5,15.2,14.0,15.2,14.9,15.3,15.0,15.6,15.4,14.7,15.4,15.3,14.6,13.9,14.5,14.5,14.7,15.0,15.0,15.2,14.8,17.7,15.0,15.2,15.6,14.9,15.2,14.8,15.6,13.9,16.0,13.0,15.9,15.7,13.7,15.1,16.0,13.8,15.0,17.0,14.9,14.7,15.2,,,,,,,14.925490196078432
9,6,14.1,14.0,13.0,13.7,16.0,13.0,13.7,13.2,15.1,15.2,14.1,15.4,14.9,15.0,16.2,16.1,15.4,15.0,15.1,15.2,14.9,14.4,14.4,14.9,15.4,15.8,14.5,16.0,14.3,20.8,15.2,14.8,14.9,15.0,15.0,14.9,15.6,14.3,15.7,12.9,16.3,15.4,13.8,14.5,16.4,14.4,14.6,17.0,14.8,14.8,14.6,,,,,,,14.974509803921563
9,7,14.3,13.8,13.4,13.2,16.3,14.0,13.8,13.1,15.4,14.8,13.8,15.6,15.0,14.6,14.4,16.3,16.0,14.5,15.5,15.0,15.2,14.9,14.4,15.4,15.2,15.8,15.0,15.9,14.3,20.5,15.5,15.1,15.6,14.7,14.7,14.8,14.9,14.2,15.3,12.9,16.0,15.5,13.1,14.4,16.6,14.0,14.8,17.2,15.2,14.8,14.4,,,,,,,14.962745098039214
9,8,14.3,14.0,13.3,13.4,16.9,14.0,14.0,13.7,15.0,15.2,14.3,15.6,14.9,15.4,16.9,16.2,15.1,15.3,15.2,15.2,15.0,14.5,14.8,14.7,15.3,16.4,15.0,15.6,14.1,19.7,15.1,15.0,15.4,14.7,15.4,15.4,15.8,13.9,15.9,13.4,15.7,15.8,13.1,14.1,15.7,14.8,14.6,17.0,15.2,14.2,14.6,,,,,,,15.054901960784315
9,9,14.6,15.2,13.6,13.8,16.1,13.5,14.0,12.8,14.8,15.3,14.6,16.6,15.0,15.4,16.6,16.4,15.1,14.6,15.8,15.3,14.6,14.5,14.2,15.1,15.7,15.9,15.3,15.6,14.1,20.1,14.5,15.1,15.3,14.4,15.2,14.7,15.6,14.6,15.3,13.2,15.7,16.1,13.2,14.2,15.8,15.5,14.6,17.0,15.3,14.0,14.4,,,,,,,15.056862745098046
9,10,14.6,14.9,13.6,13.6,15.8,12.9,14.2,13.1,15.0,15.5,14.0,16.6,15.1,15.6,15.9,16.7,15.4,14.6,15.5,15.4,15.1,14.6,14.2,14.8,15.5,15.7,15.2,15.8,14.4,20.1,15.1,15.1,15.6,14.3,14.7,14.1,15.6,14.6,16.0,12.9,15.7,15.7,13.7,14.4,15.4,14.8,14.4,16.3,15.6,14.0,14.2,,,,,,,15.011764705882356
9,11,14.9,14.4,14.0,13.4,16.5,13.8,14.2,13.2,15.1,15.2,14.8,15.4,14.9,15.2,16.6,16.4,16.0,14.6,15.2,15.2,14.5,14.8,14.8,14.4,14.9,15.5,14.9,16.1,14.4,19.7,14.4,15.0,15.6,14.2,14.6,13.8,15.5,14.6,15.7,13.1,15.1,15.5,13.7,14.5,16.0,14.9,14.4,16.0,15.4,14.2,14.3,,,,,,,14.970588235294118
9,12,14.2,14.3,14.0,13.8,15.8,13.4,14.1,13.0,15.4,16.0,14.4,15.8,15.1,15.0,16.6,16.8,15.8,14.1,15.4,16.4,14.8,14.3,14.3,15.2,14.8,15.8,15.3,15.5,14.2,18.8,14.6,14.9,14.9,14.5,14.9,14.8,15.2,14.2,15.2,13.0,15.0,15.5,14.2,14.3,15.7,14.8,14.8,16.7,15.0,14.1,14.1,,,,,,,14.956862745098043
9,13,14.7,14.6,13.6,13.9,15.9,13.8,14.4,12.9,15.3,15.8,14.4,14.8,15.1,13.5,17.0,16.7,15.2,13.7,15.5,16.1,14.7,14.2,14.8,15.5,14.9,16.2,15.4,15.5,14.2,18.7,14.6,14.6,15.0,14.2,14.4,14.3,14.8,14.1,15.3,13.0,15.7,15.7,13.9,14.3,15.7,15.6,14.8,16.0,15.2,14.5,14.2,,,,,,,14.919607843137255
9,14,14.0,15.0,14.0,14.0,15.8,13.2,14.4,13.0,14.8,15.2,14.2,15.5,14.8,14.2,15.7,16.9,15.3,14.1,15.8,16.0,14.2,13.8,14.3,15.5,15.3,15.8,15.9,15.2,14.3,19.0,14.6,14.9,15.4,14.4,14.4,14.2,14.9,14.6,15.4,13.1,15.8,14.8,13.7,14.7,16.4,15.3,15.0,16.0,15.6,14.0,14.4,,,,,,,14.917647058823528
9,15,14.2,15.4,13.9,13.7,16.2,13.2,13.5,13.2,14.7,15.4,14.4,15.5,15.4,14.0,16.6,16.6,15.6,14.1,,15.5,14.1,14.2,14.9,16.0,15.1,15.5,15.5,15.2,14.7,18.9,14.9,14.7,14.8,14.1,14.7,13.9,15.3,14.5,15.9,13.3,14.9,15.0,13.7,14.6,16.2,15.3,15.0,15.7,15.5,14.0,14.8,,,,,,,14.919999999999998
9,16,14.1,15.1,14.3,14.1,15.5,13.4,14.4,13.3,15.0,15.2,14.6,15.6,14.9,14.2,14.8,16.7,16.0,14.7,,15.6,14.4,14.0,14.8,14.5,15.0,16.2,14.9,15.2,14.7,19.7,14.9,14.6,14.8,14.0,14.6,14.5,15.4,14.3,15.9,13.2,14.8,14.7,14.1,14.6,15.8,14.9,14.7,15.4,15.2,14.0,15.0,,,,,,,14.886
9,17,15.0,15.6,14.2,14.2,15.8,13.9,14.2,13.2,15.2,15.0,14.2,15.4,14.9,13.6,16.3,16.8,15.2,14.5,,15.7,14.1,13.9,14.9,16.2,14.9,15.9,15.3,15.3,14.6,19.9,15.2,14.1,14.9,13.4,14.3,14.9,15.6,13.6,15.5,13.4,15.0,15.3,14.1,14.4,16.1,15.0,14.6,15.9,15.7,14.2,14.2,,,,,,,14.946000000000002
9,18,14.3,15.5,14.0,13.8,17.0,13.2,14.0,12.8,15.2,14.8,14.5,15.2,14.2,15.2,15.8,16.2,15.1,15.1,,14.9,14.0,13.8,14.9,15.6,15.4,15.4,15.5,15.3,14.6,19.1,15.4,14.5,14.7,13.9,14.9,15.2,15.8,13.5,15.8,12.7,14.9,14.8,14.2,15.1,15.7,14.6,15.0,16.0,15.4,14.2,14.4,,,,,,,14.901999999999997
9,19,14.2,15.4,14.0,14.0,15.7,13.0,13.8,13.0,15.2,15.0,14.6,15.0,13.8,14.8,15.5,15.3,15.5,14.7,14.8,15.3,14.4,14.7,15.1,15.3,15.0,16.0,15.2,15.0,14.7,18.7,14.8,14.3,15.2,13.8,14.9,14.8,15.5,13.7,15.7,13.0,15.0,14.9,14.3,14.8,15.8,15.3,14.8,15.9,15.8,14.4,14.4,,,,,,,14.85882352941176
9,20,14.1,15.5,14.2,13.6,15.9,13.4,13.9,12.9,15.2,14.8,14.1,14.8,15.0,14.8,15.9,15.9,16.4,14.6,14.7,15.8,14.6,14.9,15.0,15.3,14.8,16.0,15.3,14.6,14.8,18.6,15.5,13.6,15.2,14.3,14.8,14.7,15.9,13.9,15.8,12.9,15.3,15.4,14.4,14.5,15.7,15.0,14.2,16.0,15.4,14.2,14.8,,,,,,,14.919607843137257
9,21,14.1,15.7,13.8,13.7,15.8,13.2,14.0,12.8,15.5,14.7,14.3,14.8,14.8,14.7,16.1,16.8,16.1,14.8,14.9,16.4,14.2,14.3,14.7,15.4,14.9,16.1,16.3,14.9,14.5,18.9,15.2,15.1,15.1,14.3,14.5,15.1,15.9,14.1,15.8,13.1,15.2,15.2,14.3,14.6,15.3,14.8,14.6,16.4,15.3,14.2,14.6,,,,,,,14.978431372549016
9,22,14.4,15.5,13.7,13.8,15.4,13.4,14.5,13.2,15.8,14.6,14.8,14.4,14.4,14.7,16.2,16.2,16.2,14.6,14.8,15.8,14.0,15.1,14.2,15.7,15.1,15.5,16.4,14.7,14.8,18.9,15.2,14.9,15.2,14.6,14.6,15.5,16.3,14.3,15.4,13.0,15.0,14.8,15.0,14.4,15.3,14.8,14.4,16.0,15.5,14.0,14.8,,,,,,,14.976470588235287
9,23,14.7,15.4,13.6,14.2,15.4,13.5,14.7,13.4,15.4,14.6,14.5,14.3,14.2,14.5,16.6,16.1,16.4,14.3,15.3,15.8,14.3,15.0,14.2,15.5,15.5,15.8,16.7,14.6,14.9,18.6,15.2,15.1,15.4,14.0,14.1,15.7,15.6,14.1,14.6,12.8,15.3,14.8,14.4,14.3,15.6,14.6,14.4,16.4,15.2,14.0,14.4,,,,,,,14.941176470588236
9,24,14.3,15.5,13.5,13.6,15.1,13.4,14.6,13.6,15.8,14.7,14.2,14.2,14.3,14.8,16.5,16.2,15.5,14.8,15.2,16.2,14.0,14.0,14.1,15.5,14.9,15.5,15.3,14.6,14.5,19.1,15.1,15.2,14.5,14.2,14.3,15.6,15.6,14.5,15.8,12.9,15.6,15.2,14.9,14.5,15.6,14.3,14.8,16.2,16.0,14.0,14.6,,,,,,,14.919607843137255
9,25,14.2,15.8,14.2,13.9,15.8,14.0,14.5,13.2,15.4,15.0,14.6,14.6,15.0,14.3,16.6,16.5,15.3,15.0,14.9,15.9,14.4,15.0,14.4,16.0,14.8,15.8,16.4,14.6,15.1,18.8,15.4,14.9,14.6,14.2,14.4,15.3,15.8,14.4,16.0,12.3,15.6,15.2,14.9,14.8,15.7,14.5,14.7,16.7,16.0,14.2,14.4,,,,,,,15.058823529411763
9,26,14.8,15.8,13.9,14.0,15.4,14.2,14.0,13.3,15.6,15.1,14.4,14.7,14.9,14.8,16.3,16.3,15.6,15.0,14.8,16.2,14.4,14.8,14.4,15.6,14.8,15.2,16.4,14.7,14.7,19.5,15.2,15.0,14.6,14.5,15.0,14.9,16.0,14.1,15.6,12.6,15.5,15.3,14.2,14.3,15.7,15.0,14.5,16.4,15.8,13.7,14.4,,,,,,,15.01764705882353
9,27,14.4,15.8,14.1,13.8,15.5,14.0,13.6,13.3,15.0,15.0,14.8,14.8,14.1,14.8,16.4,16.3,15.9,14.8,14.2,15.5,13.8,14.9,14.5,16.3,14.7,15.2,16.5,14.4,15.0,19.6,15.3,14.9,15.6,13.9,15.0,15.1,15.6,14.5,15.3,12.5,15.7,14.8,14.4,14.6,15.9,15.2,14.5,16.0,16.0,13.8,14.8,,,,,,,14.988235294117647
9,28,14.5,15.7,14.4,13.6,15.3,13.6,13.8,13.4,15.5,15.4,14.8,14.6,14.5,15.1,16.8,15.7,13.8,14.8,14.3,16.2,13.9,14.8,15.2,16.5,14.6,14.6,16.4,14.8,14.6,19.0,15.4,15.3,14.9,14.1,15.2,14.6,16.1,14.4,15.3,12.2,15.4,15.0,14.6,14.6,15.7,14.6,14.6,15.6,16.0,14.0,14.7,,,,,,,14.950980392156866
9,29,14.3,15.4,14.2,13.5,15.7,13.8,13.6,13.4,15.5,15.0,14.4,14.6,13.8,14.9,16.9,15.8,15.0,15.0,14.5,15.8,13.8,15.0,15.3,16.5,15.1,14.6,16.5,14.8,15.0,18.4,15.3,15.6,15.0,13.9,15.2,14.7,16.1,14.4,15.4,12.4,15.8,15.1,14.1,14.8,15.7,15.2,14.8,16.7,15.9,14.0,14.7,,,,,,,14.998039215686278
9,30,14.6,15.8,14.2,13.8,15.1,13.7,13.4,13.6,15.8,14.8,14.4,14.0,14.5,15.4,16.8,15.2,,13.8,15.2,15.8,14.0,14.7,15.0,16.6,15.7,15.1,16.3,14.9,15.4,18.0,15.3,15.4,15.8,14.0,15.5,15.1,15.8,14.3,15.8,13.2,15.8,14.6,14.5,14.8,15.7,14.8,14.4,17.2,15.8,14.2,14.6,,,,,,,15.043999999999999
10,1,14.8,15.6,14.2,13.5,15.2,13.6,,13.8,15.1,15.3,15.0,14.6,15.1,15.6,16.5,15.7,15.7,15.2,14.8,16.0,14.0,15.0,15.5,16.4,15.6,14.7,16.6,15.0,15.0,18.5,15.2,15.4,15.8,13.7,15.2,15.3,15.6,14.3,15.6,12.8,16.1,14.7,14.0,15.1,15.4,14.7,14.6,16.6,16.2,14.2,14.7,,,,,,,15.136000000000003
10,2,14.8,15.5,14.2,13.6,15.3,13.6,,13.7,16.3,14.3,14.4,15.0,15.0,15.5,16.8,15.8,15.0,15.2,14.7,15.8,14.4,15.1,15.2,16.5,16.1,15.1,16.0,15.1,14.5,18.4,15.3,15.4,15.8,13.9,15.3,15.1,15.5,13.8,15.8,13.4,16.0,14.7,14.2,15.3,15.3,14.6,14.6,16.5,16.0,14.2,14.8,,,,,,,15.128
10,3,14.7,15.2,14.4,14.0,15.4,13.6,,13.8,16.1,14.3,15.3,15.2,14.7,15.5,17.0,16.0,15.4,15.3,15.4,16.5,14.3,15.6,14.9,16.8,15.4,15.4,16.3,15.1,14.9,18.1,14.6,15.4,15.8,14.6,15.5,15.2,16.0,13.5,15.2,12.9,15.3,14.6,14.6,15.4,15.4,14.4,14.6,17.1,16.2,14.6,14.4,,,,,,,15.198000000000002
10,4,15.1,15.2,14.4,14.4,15.5,13.8,,13.7,15.0,14.8,15.2,15.0,15.0,15.5,15.4,15.9,15.2,15.6,15.0,16.2,14.5,14.5,15.0,16.5,15.2,15.4,16.5,15.2,15.3,18.0,15.0,15.8,15.5,14.3,15.5,15.0,15.7,14.6,15.6,12.8,15.7,14.9,14.4,15.2,15.5,14.4,15.0,17.4,14.9,14.8,15.5,,,,,,,15.189999999999998
10,5,14.8,15.4,13.9,14.8,15.1,13.8,,13.2,15.6,15.4,14.8,14.8,14.4,15.4,16.6,16.1,15.2,15.4,15.6,15.8,14.5,14.5,15.5,16.3,15.3,15.2,16.0,15.0,15.4,17.7,15.5,15.8,15.2,14.6,16.2,15.4,16.3,14.7,15.4,13.0,16.0,15.1,14.2,15.2,15.6,15.1,14.8,17.6,15.9,14.6,15.8,,,,,,,15.270000000000003
10,6,15.7,15.8,13.6,13.8,15.3,13.6,,13.5,16.4,15.8,15.6,15.0,14.9,15.5,15.7,15.8,15.5,15.5,15.6,16.8,14.4,15.4,15.6,16.1,15.9,14.9,16.0,14.9,14.5,18.0,15.3,15.5,14.8,14.7,15.9,15.6,16.4,14.7,15.8,12.9,15.4,14.9,14.2,15.4,15.6,14.6,14.8,17.0,16.3,14.7,15.5,,,,,,,15.301999999999998
10,7,15.4,15.6,14.1,14.1,15.1,14.0,,13.7,15.6,15.5,15.6,15.2,19.6,15.5,16.6,16.3,15.6,15.7,15.3,16.5,14.2,15.6,14.8,16.6,15.9,15.8,16.3,15.1,14.7,17.7,15.1,15.6,15.0,13.8,15.6,15.8,16.2,14.0,15.7,13.0,15.2,15.3,14.1,15.2,15.7,14.8,14.8,17.2,15.8,14.6,16.0,,,,,,,15.404000000000003
10,8,15.1,15.7,14.1,13.9,15.5,13.6,,13.2,15.2,15.5,16.0,15.0,14.9,15.2,16.0,15.4,15.7,15.4,14.3,17.0,14.8,15.1,14.8,16.4,15.9,15.8,15.4,15.1,14.7,17.5,15.6,14.8,15.7,14.1,15.8,15.4,15.6,14.3,15.5,13.7,15.0,14.7,14.7,15.2,15.3,14.5,15.0,17.0,15.8,14.8,15.8,,,,,,,15.21
10,9,15.3,16.1,13.6,14.0,15.5,13.7,,13.1,16.4,15.4,15.8,15.6,14.5,15.0,16.4,16.6,15.5,15.2,15.2,17.9,14.5,14.9,15.0,16.5,16.1,15.7,16.6,14.9,15.3,18.2,15.5,15.2,15.6,14.6,16.1,15.6,16.0,14.5,15.7,13.4,14.9,15.0,14.4,15.5,15.7,14.9,15.2,17.0,15.8,14.4,16.0,,,,,,,15.39
10,10,15.1,16.4,14.0,13.8,15.1,13.6,,14.2,15.8,15.4,15.7,16.6,15.2,15.4,16.8,16.5,15.8,15.8,15.6,15.9,14.4,15.9,14.8,16.2,15.9,15.5,17.0,15.0,15.3,18.2,15.2,15.5,15.6,14.2,15.9,15.1,16.0,15.0,15.6,13.5,15.6,14.6,14.8,15.4,15.2,14.7,15.6,17.0,16.0,14.2,16.2,,,,,,,15.436000000000003
10,11,15.6,15.8,14.1,14.6,14.9,13.8,,13.9,16.2,15.3,15.2,16.4,15.2,15.4,16.7,16.6,15.8,15.5,15.4,16.2,15.2,15.6,15.2,16.3,15.7,15.1,16.9,14.9,14.9,18.2,15.4,15.0,15.7,14.2,16.0,15.4,15.5,15.1,15.7,13.5,15.5,14.8,14.6,15.2,16.2,14.8,15.7,17.0,16.6,14.2,16.4,,,,,,,15.462
10,12,15.1,15.9,13.6,14.4,15.0,13.6,,14.0,16.8,15.0,15.2,16.0,15.4,15.2,17.0,16.9,16.0,15.6,14.6,17.4,15.2,15.5,15.1,16.2,15.8,15.8,16.6,15.0,14.7,17.1,16.0,15.2,16.3,14.3,15.7,15.2,15.2,14.5,16.1,13.0,15.4,15.0,14.7,14.8,16.0,14.5,15.2,16.8,16.4,14.4,15.7,,,,,,,15.402000000000003
10,13,15.2,14.9,14.0,14.4,15.8,12.8,,13.5,16.2,15.5,15.4,15.8,15.2,15.0,16.5,17.0,15.8,15.4,15.6,16.9,15.0,15.8,14.8,16.1,16.0,16.1,16.6,14.9,15.3,19.7,15.4,15.1,15.5,14.5,16.4,15.8,15.4,14.4,16.3,13.4,15.1,14.9,14.2,14.8,15.7,14.7,15.4,17.6,16.6,14.4,15.3,,,,,,,15.442
10,14,15.1,16.0,14.5,14.0,15.5,14.0,,14.4,16.5,15.7,15.4,16.0,15.2,15.0,16.6,17.1,16.0,15.6,16.1,17.4,15.0,15.3,15.2,16.2,16.3,16.2,16.8,14.6,15.0,18.8,15.8,14.5,15.5,14.8,16.3,16.2,15.5,14.2,16.1,13.0,15.5,15.3,14.4,15.2,15.3,15.2,15.7,17.2,17.2,14.4,15.2,,,,,,,15.560000000000004
10,15,15.0,16.0,14.3,14.4,15.4,14.1,,14.6,16.8,15.2,15.3,16.0,15.4,15.4,17.6,17.4,15.9,15.8,15.5,17.0,15.2,15.7,14.8,16.1,16.0,16.6,17.0,14.5,15.1,18.1,15.4,15.3,15.7,14.7,15.8,15.6,16.1,14.7,16.4,13.2,15.4,15.2,14.9,14.7,15.3,15.3,15.6,17.2,15.7,14.0,15.0,,,,,,,15.548000000000004
10,16,14.4,16.1,14.8,14.5,15.8,14.1,,14.4,15.7,15.0,15.3,16.4,15.4,15.4,17.7,17.0,15.6,16.0,15.6,17.0,15.4,15.4,15.2,15.2,16.3,17.1,16.8,14.8,15.0,18.5,15.9,15.2,15.9,15.2,15.3,15.4,16.0,14.7,16.2,13.0,15.5,15.8,14.7,15.2,15.9,15.3,15.6,17.4,16.8,14.2,15.4,,,,,,,15.61
10,17,15.1,16.5,15.2,14.8,15.4,14.0,,13.9,16.3,15.0,15.5,16.0,15.4,15.3,17.5,17.2,,15.4,15.8,17.1,15.5,15.6,15.2,15.6,15.9,16.5,16.6,14.6,15.4,18.6,15.5,15.4,15.6,15.0,15.5,15.9,15.8,14.6,17.1,13.0,15.5,15.7,14.6,15.6,16.2,15.5,15.7,17.3,16.2,14.0,15.6,,,,,,,15.636734693877557
10,18,14.7,16.3,15.0,15.0,15.8,14.2,,14.7,16.6,14.6,15.8,15.6,15.6,15.5,17.9,16.7,,16.2,15.6,17.2,14.9,16.2,15.1,15.7,16.1,16.8,16.6,14.2,15.8,18.5,15.9,15.1,15.7,15.1,16.0,16.2,16.4,14.5,16.6,12.9,15.3,15.0,14.6,15.4,16.3,15.2,15.7,17.0,16.1,14.2,15.8,,,,,,,15.671428571428573
10,19,14.4,16.6,14.8,14.9,15.9,14.4,,14.4,16.7,16.0,15.6,16.1,15.6,15.8,18.5,17.4,,15.8,15.8,17.2,15.0,15.6,14.8,15.1,15.9,16.6,16.4,15.1,15.7,18.3,15.6,15.4,15.6,15.4,16.1,16.3,15.0,14.1,15.9,13.6,15.6,15.2,14.9,14.8,15.5,14.9,15.4,16.8,16.5,14.4,15.0,,,,,,,15.640816326530611
10,20,15.4,16.4,14.4,15.4,16.1,14.4,,14.0,16.3,15.5,16.2,16.0,15.8,14.8,17.9,17.7,,16.0,15.4,16.8,16.0,16.5,15.0,16.1,16.2,16.3,16.7,15.0,15.3,18.5,16.4,15.1,15.8,15.4,16.4,16.0,15.3,15.1,16.2,13.4,15.7,15.4,15.4,15.3,15.6,15.4,15.8,16.8,16.2,14.6,15.6,,,,,,,15.775510204081632
10,21,15.2,16.3,14.9,14.6,16.5,14.2,,14.0,16.5,15.6,14.3,15.6,16.0,15.0,18.0,17.8,,15.7,15.8,16.8,15.6,16.2,15.1,16.4,16.3,16.1,16.5,15.3,15.6,18.6,16.6,15.5,16.4,15.6,16.3,16.3,15.3,14.9,17.0,13.7,15.2,15.2,14.7,15.2,15.8,15.3,16.6,17.4,16.0,14.6,15.2,,,,,,,15.781632653061228
10,22,15.4,16.8,14.6,15.2,16.2,14.0,,14.3,15.5,16.2,16.1,15.8,16.0,15.2,18.1,16.8,,16.1,12.5,16.9,14.6,16.4,15.4,16.1,16.4,16.3,16.8,15.4,15.3,17.8,17.1,15.0,16.0,15.4,16.7,16.1,15.4,15.0,16.7,13.8,14.7,15.3,14.9,16.1,15.8,15.3,15.9,17.6,15.7,14.4,15.5,,,,,,,15.726530612244897
10,23,15.3,15.9,14.8,14.9,16.4,14.0,,14.1,15.8,16.2,16.4,15.6,16.1,16.4,18.0,17.3,,16.3,15.4,16.8,15.2,16.0,15.8,15.9,16.7,16.1,16.4,15.6,15.6,18.3,16.2,16.0,15.8,15.4,16.7,15.9,15.5,14.6,17.0,13.7,15.6,15.4,14.6,16.0,15.6,15.4,16.0,17.2,15.5,14.6,15.6,,,,,,,15.828571428571431
10,24,15.3,16.0,15.0,15.0,16.1,13.8,,14.2,16.4,15.9,16.8,15.8,16.0,16.6,18.2,17.8,,16.2,15.3,17.0,15.3,15.9,16.4,16.1,17.0,15.6,16.3,15.7,15.3,18.2,16.6,16.1,15.6,15.2,16.3,16.5,16.0,15.0,16.7,14.1,15.5,15.5,15.2,16.1,16.3,15.6,16.0,17.6,15.9,14.8,16.0,,,,,,,15.95510204081633
10,25,15.4,16.7,15.0,14.7,16.5,14.2,,14.1,16.4,16.1,16.6,15.8,16.5,16.6,18.0,17.0,,16.3,15.0,17.1,14.2,16.2,15.7,16.6,17.0,16.2,16.7,15.9,15.3,18.3,16.1,16.4,15.8,16.3,16.5,16.8,15.5,15.3,17.0,14.0,15.6,15.6,15.7,15.8,16.2,15.7,16.1,17.4,16.6,14.6,15.8,,,,,,,16.018367346938774
10,26,15.4,15.2,14.5,15.0,17.0,13.8,,14.2,16.4,15.9,17.2,16.4,16.1,16.5,17.5,16.7,,16.5,16.2,17.5,13.1,16.2,15.5,16.4,17.1,16.1,16.5,16.1,15.3,18.8,16.1,16.3,15.4,16.4,16.8,16.6,15.6,14.3,16.8,13.8,15.5,15.9,15.3,16.4,15.9,15.9,16.0,17.2,15.8,15.1,15.5,,,,,,,15.953061224489792
10,27,15.8,16.4,14.9,15.6,17.4,13.8,,15.1,17.0,15.9,17.4,16.4,15.2,16.4,17.8,17.4,,16.3,14.5,14.8,14.8,15.7,15.7,16.8,16.8,16.7,16.5,16.1,15.1,18.8,16.4,15.6,15.7,16.2,15.7,16.3,15.5,15.3,17.2,14.5,15.6,15.7,15.4,16.1,16.3,15.6,16.0,17.8,16.0,14.8,15.2,,,,,,,16.000000000000004
10,28,15.4,16.5,15.1,16.2,17.2,14.2,,14.9,16.7,15.8,16.3,16.6,16.2,16.2,17.7,16.2,,16.2,16.1,16.6,15.0,16.1,15.6,16.9,16.7,16.6,16.4,16.0,16.0,19.1,16.4,16.2,15.6,16.5,16.3,16.6,15.5,15.1,17.1,14.9,15.5,16.1,15.1,16.1,16.6,15.7,17.0,17.8,16.4,14.7,15.0,,,,,,,16.136734693877553
10,29,15.5,15.8,15.0,15.8,17.1,14.2,,14.8,17.0,16.7,16.8,16.2,16.4,16.4,18.4,16.9,,16.3,16.5,16.6,14.3,15.6,15.9,16.8,16.3,16.6,16.8,16.5,15.1,19.1,16.2,16.7,15.9,15.7,16.0,16.7,16.3,14.6,16.9,14.8,15.5,16.1,15.5,16.9,16.6,15.6,17.1,17.6,16.5,14.5,15.0,,,,,,,16.165306122448982
10,30,15.2,16.3,14.2,15.8,17.5,14.2,,15.2,16.8,16.8,17.0,16.4,16.4,15.1,17.5,17.2,,16.2,16.8,16.8,15.2,15.7,16.0,16.6,16.4,16.5,15.6,15.8,15.7,19.7,16.4,16.3,16.9,15.3,16.5,16.6,15.5,15.0,17.2,,15.9,15.9,15.4,16.4,16.8,,16.6,17.4,16.5,15.0,15.9,,,,,,,16.214893617021275
10,31,15.2,16.0,15.2,15.6,17.9,14.4,,15.1,17.4,15.8,17.0,14.4,16.5,16.2,18.1,16.8,,,,17.0,15.5,16.0,,16.3,16.9,16.0,16.0,15.9,16.0,19.7,16.4,16.3,15.4,16.3,16.4,16.5,15.5,15.0,15.9,,15.5,16.0,14.9,16.3,16.2,,16.4,17.7,17.0,14.2,16.1,,,,,,,16.15681818181818
11,1,15.2,16.8,15.1,15.2,17.4,14.4,14.6,14.6,17.2,16.5,16.6,16.0,16.8,15.9,18.2,16.3,,16.9,16.4,17.1,15.0,16.4,16.1,17.6,16.7,16.1,16.8,16.3,15.6,19.0,15.8,15.7,15.0,16.4,16.7,15.9,15.6,15.0,15.9,14.8,15.6,14.7,14.8,16.6,16.7,16.2,16.8,17.2,15.2,14.2,,,,,,,,16.073469387755104
11,2,15.2,16.6,14.8,15.2,17.5,14.4,15.4,14.4,17.3,16.6,16.7,16.2,16.5,16.2,18.9,16.6,,16.0,16.2,17.5,14.4,16.2,16.5,17.5,17.2,16.6,17.0,16.4,16.0,18.7,16.8,15.8,14.2,16.4,16.3,16.9,16.1,14.5,17.0,14.7,16.4,14.7,15.8,16.9,16.3,15.9,16.6,17.4,15.0,14.7,,,,,,,,16.185714285714283
11,3,16.0,16.9,15.2,14.2,17.0,14.2,15.5,14.6,17.2,17.0,16.9,16.2,16.6,16.0,19.0,17.6,,15.8,16.4,16.7,15.4,16.2,16.7,17.4,16.8,16.4,16.4,16.3,16.0,18.6,15.7,15.6,14.8,16.2,16.0,16.7,16.3,14.7,16.9,14.5,16.1,14.6,15.7,17.1,16.5,16.0,16.4,17.8,15.4,15.0,,,,,,,,16.187755102040814
11,4,15.8,17.3,15.4,15.2,18.3,13.9,15.9,15.0,17.2,17.0,17.2,16.1,16.8,15.6,18.6,17.4,,15.9,16.2,16.2,16.0,16.3,15.2,17.2,16.8,16.5,16.5,16.6,16.0,19.4,16.1,15.4,16.0,15.7,16.8,16.7,16.3,14.9,16.7,15.0,15.7,14.9,15.4,16.7,,16.2,16.6,17.4,16.4,14.7,,,,,,,,16.27291666666667
11,5,15.8,16.8,15.0,15.8,18.0,13.8,15.5,14.6,16.8,17.2,17.5,16.3,16.4,16.2,18.4,17.6,,15.3,16.1,17.2,15.6,16.3,16.2,17.2,17.4,16.5,15.6,16.8,15.4,19.4,16.5,15.7,16.4,16.0,16.9,17.6,16.0,15.1,17.0,14.3,15.5,15.1,14.9,16.7,,16.2,16.2,17.2,16.6,14.2,,,,,,,,16.26666666666667
11,6,15.6,17.2,16.0,16.0,18.7,14.4,16.2,14.5,17.5,17.2,17.8,15.8,16.4,15.9,18.8,17.4,16.5,16.1,16.4,17.2,15.3,16.5,15.8,17.2,16.6,16.4,16.6,16.7,16.4,20.6,16.2,15.8,16.5,16.2,16.8,17.7,16.1,15.4,16.8,14.7,16.3,14.9,14.9,17.1,16.1,15.7,16.2,16.8,16.5,14.8,,,,,,,,16.424
11,7,15.6,17.0,15.8,15.8,17.4,14.6,16.6,14.2,16.8,17.6,17.8,16.2,16.3,16.4,18.9,17.5,16.3,16.1,16.4,17.2,14.9,16.5,14.1,17.4,17.5,16.4,16.7,16.9,16.0,20.4,17.2,16.4,16.8,16.5,16.9,17.3,16.6,15.6,16.9,14.5,16.3,15.3,15.4,16.8,16.2,15.9,16.6,17.4,15.8,14.8,,,,,,,,16.449999999999992
11,8,15.6,17.0,16.6,15.6,18.6,14.5,15.6,14.5,17.2,17.6,17.5,16.6,15.4,16.3,18.4,17.8,17.1,16.4,16.5,16.5,15.2,16.8,14.9,17.5,17.6,16.5,16.7,16.9,15.7,20.4,17.2,16.5,16.3,15.9,16.4,16.9,17.0,15.8,16.3,15.2,16.2,14.7,15.4,16.8,16.3,16.3,16.4,17.0,16.0,14.6,,,,,,,,16.453999999999994
11,9,15.4,16.4,16.4,16.8,18.3,14.9,16.4,14.8,17.9,17.2,17.6,15.4,16.5,15.6,18.2,18.4,17.2,16.5,16.0,16.4,16.3,16.8,15.5,17.1,16.7,16.6,16.6,15.9,15.8,20.4,16.8,15.5,17.0,15.7,16.8,16.4,16.7,16.1,17.2,14.7,16.4,15.0,15.2,16.3,16.2,16.1,16.4,17.2,16.4,15.4,,,,,,,,16.470000000000002
11,10,15.5,15.8,15.8,16.2,18.2,14.9,16.0,14.1,17.3,17.1,18.4,16.4,16.8,15.6,18.1,17.8,16.8,15.9,16.4,17.0,16.1,16.4,15.2,17.0,17.0,17.0,16.8,17.0,15.6,20.8,17.2,15.6,17.0,15.4,16.8,16.9,17.2,16.1,17.4,14.5,16.4,14.6,15.8,17.0,16.4,15.7,16.8,17.0,16.7,15.0,,,,,,,,16.49
11,11,15.8,16.2,16.3,16.8,18.4,15.0,15.7,14.1,16.8,17.2,18.2,17.0,16.5,15.9,17.5,19.0,15.0,15.1,15.8,17.0,16.6,15.9,15.5,17.0,17.8,16.5,16.6,16.7,15.8,20.2,16.8,16.2,16.6,15.1,16.7,17.4,17.0,16.6,17.4,14.6,16.3,14.8,16.2,16.9,16.3,16.2,17.2,17.8,17.5,14.8,,,,,,,,16.526
11,12,15.6,16.6,16.1,15.4,18.2,14.8,15.8,13.7,17.5,17.2,18.2,17.0,16.0,16.0,19.5,17.8,16.0,16.0,16.4,15.6,17.2,15.5,15.7,16.2,17.2,16.7,16.7,17.0,16.2,20.8,17.3,16.6,16.4,15.8,15.7,17.0,16.5,16.3,17.4,14.2,16.1,15.0,16.2,17.1,16.0,16.2,17.4,18.0,17.5,15.2,,,,,,,,16.53
11,13,15.9,16.4,13.8,16.0,18.6,14.9,15.4,14.3,18.0,17.4,19.4,16.8,16.2,16.6,19.0,17.8,16.2,15.7,16.3,17.4,16.8,16.0,15.7,16.5,16.8,16.2,16.8,16.8,16.1,20.0,16.8,16.6,15.9,15.3,16.1,17.8,17.0,16.0,17.6,14.2,16.7,14.9,15.7,16.3,16.8,15.6,17.4,17.8,17.6,15.6,,,,,,,,16.55
11,14,15.9,17.0,15.5,17.0,18.7,15.2,16.0,14.0,16.0,17.2,17.5,17.1,17.0,16.8,19.0,17.5,16.5,16.5,16.9,16.8,17.6,14.8,15.5,17.4,17.6,16.8,17.4,16.6,16.1,20.2,17.0,16.2,15.3,15.3,16.5,17.2,16.8,16.2,17.6,14.6,16.7,16.6,15.3,16.8,16.5,16.3,17.2,17.4,18.0,16.0,,,,,,,,16.672
11,15,16.2,16.4,15.2,16.8,18.6,14.9,15.9,15.2,17.4,17.3,18.2,16.9,15.7,17.0,18.9,18.0,16.5,16.4,17.1,16.6,17.5,15.9,15.6,16.8,17.8,16.6,17.2,16.8,17.0,20.2,17.0,16.2,15.5,15.5,16.3,17.3,17.2,15.9,17.3,15.1,17.2,16.5,15.6,17.1,16.2,16.3,17.0,17.4,18.1,16.4,,,,,,,,16.754000000000005
11,16,16.2,15.9,16.2,16.9,18.4,15.6,16.5,14.8,18.2,17.9,18.2,17.2,17.7,17.6,19.2,18.1,16.6,16.1,17.0,17.8,17.8,16.2,15.8,17.5,17.8,16.8,17.5,16.9,16.1,19.6,16.6,17.0,15.6,15.9,16.7,17.6,17.8,16.1,17.0,15.2,16.3,16.6,15.2,17.1,16.8,16.6,17.2,17.2,17.6,15.4,,,,,,,,16.912000000000006
11,17,16.0,16.9,16.4,17.5,18.3,15.1,16.8,14.2,17.0,17.8,18.8,17.3,16.2,16.9,20.1,17.9,17.1,16.8,17.1,18.2,17.1,17.0,16.2,17.5,17.9,16.5,17.6,17.0,16.2,20.6,16.8,17.1,15.7,15.4,17.5,17.3,17.6,16.2,17.5,15.0,16.5,16.9,15.8,17.2,18.0,16.5,17.2,17.7,17.2,17.0,,,,,,,,17.042
11,18,15.6,16.4,15.8,17.0,18.5,15.2,16.8,15.2,16.5,17.6,17.4,17.6,16.8,17.3,20.2,17.4,18.0,16.5,18.0,18.0,17.4,17.5,15.9,15.8,18.1,15.8,17.5,16.8,17.5,20.4,16.7,17.2,15.9,16.2,17.1,17.5,17.6,16.4,17.5,15.4,17.7,16.9,15.4,18.0,16.5,16.7,17.4,17.4,17.0,16.4,,,,,,,,17.028000000000002
11,19,15.9,16.4,15.9,16.8,18.4,15.4,15.2,15.0,18.1,17.8,18.4,17.5,16.8,16.1,19.6,16.6,17.6,17.2,17.4,17.9,17.4,16.6,16.0,17.5,17.8,17.1,17.5,17.1,17.3,20.2,16.8,16.6,16.1,16.0,17.0,17.2,17.9,16.3,17.2,15.1,17.3,16.7,15.6,17.5,16.2,17.0,17.8,17.2,17.2,16.2,,,,,,,,16.988000000000007
11,20,16.3,16.4,15.6,17.0,18.0,15.5,15.7,15.0,18.3,17.0,16.4,17.8,17.2,16.8,20.2,17.0,17.0,17.0,17.8,17.8,16.7,16.3,16.3,17.5,17.8,16.8,17.9,16.4,16.8,19.3,16.8,17.1,15.5,15.9,17.1,15.9,17.8,16.5,17.4,15.2,17.4,16.8,17.6,17.3,16.5,17.4,17.7,17.8,17.0,16.2,,,,,,,,16.97
11,21,16.4,17.0,15.5,15.6,18.6,15.5,16.4,13.9,17.5,17.6,18.4,17.0,17.0,17.2,20.4,17.0,17.3,17.1,17.8,18.2,16.1,17.2,16.2,17.7,18.1,16.3,17.4,16.8,16.9,19.5,16.8,16.1,16.2,16.2,17.6,17.8,18.0,16.5,17.3,15.7,17.2,17.2,15.4,17.4,17.4,17.7,17.8,17.8,17.2,16.8,,,,,,,,17.074
11,22,16.8,17.0,16.2,15.7,18.1,15.8,15.9,15.2,17.2,17.8,18.0,16.8,16.0,16.8,19.9,16.7,17.1,17.7,17.7,18.2,16.3,17.1,16.1,17.9,18.0,16.6,18.1,17.4,16.2,19.8,17.5,16.4,15.5,16.3,17.4,17.0,17.0,16.3,18.1,15.6,16.9,17.0,17.6,17.8,17.0,17.3,18.4,17.8,17.6,16.6,,,,,,,,17.103999999999996
11,23,16.0,17.0,15.3,15.6,18.6,15.5,16.4,15.1,17.7,17.9,18.0,17.8,17.0,16.2,21.4,16.5,17.1,17.7,17.8,18.3,16.9,16.1,16.2,17.9,17.8,17.1,17.8,17.4,16.5,20.4,17.4,16.8,16.1,16.3,17.8,18.2,16.6,17.0,17.6,15.8,17.4,17.0,16.8,17.7,16.9,17.6,17.7,17.4,17.6,17.5,,,,,,,,17.203999999999997
11,24,16.4,17.2,16.4,16.2,18.7,15.5,15.4,15.0,17.8,18.0,17.6,17.8,17.2,16.8,21.1,16.6,17.2,17.8,17.7,18.1,17.0,16.2,16.5,18.0,18.9,16.7,17.6,17.0,16.1,20.6,17.4,16.6,16.8,16.2,17.5,18.0,17.1,16.3,18.1,15.9,17.3,17.3,16.0,16.9,16.4,17.7,17.3,18.0,17.6,16.5,,,,,,,,17.2
11,25,16.4,17.7,15.2,16.8,18.4,15.1,16.0,15.9,16.8,17.3,17.4,16.7,15.8,16.6,21.2,17.8,17.2,17.7,17.8,17.4,17.1,16.6,16.4,18.1,18.4,16.7,17.7,17.2,17.2,20.8,17.2,16.5,16.6,16.4,17.7,18.2,17.0,16.7,18.1,16.2,17.6,17.8,16.8,17.3,16.5,17.1,17.4,18.2,18.0,16.0,,,,,,,,17.214000000000002
11,26,14.3,18.0,15.4,15.7,18.4,16.1,16.3,15.7,16.5,17.2,17.2,17.5,15.4,17.2,21.0,18.6,16.7,18.1,15.9,17.9,15.3,16.8,16.7,18.2,18.8,16.9,16.6,17.6,16.9,19.6,17.4,16.8,17.1,16.3,17.4,17.5,17.3,16.7,18.2,15.8,17.3,17.2,17.2,16.8,17.6,17.3,17.4,18.2,18.4,16.2,,,,,,,,17.131999999999994
11,27,16.1,18.2,15.7,16.5,18.4,15.9,16.7,15.0,18.5,17.3,17.3,17.4,16.9,17.8,20.8,18.0,17.1,18.3,15.8,16.8,15.6,16.5,17.2,18.0,18.4,17.1,17.2,17.6,16.7,19.7,17.3,17.4,17.0,16.3,17.5,18.9,16.7,15.6,18.3,15.7,18.1,17.3,16.7,17.0,16.8,17.4,17.5,18.1,17.4,16.0,,,,,,,,17.23
11,28,15.4,17.2,15.6,17.5,18.1,16.4,16.0,15.7,18.6,16.7,17.3,17.2,16.4,17.8,20.2,17.7,18.4,17.9,17.3,16.8,16.2,16.7,17.4,18.7,18.4,17.2,17.3,16.6,16.6,20.6,17.8,17.3,17.1,16.7,17.7,18.6,17.4,17.0,17.9,16.5,17.8,17.1,17.4,17.1,17.4,17.4,17.2,18.2,17.8,16.4,,,,,,,,17.354
11,29,16.8,18.0,15.6,17.0,18.1,16.2,15.7,15.6,19.0,17.0,18.4,18.0,16.4,18.4,19.9,17.9,17.5,18.5,17.0,19.0,16.0,16.5,17.8,18.4,18.4,16.7,16.9,17.6,17.2,21.2,18.2,17.4,17.1,16.5,18.1,19.3,17.1,17.2,17.8,15.8,17.5,17.0,17.5,18.3,17.3,,18.2,18.0,17.4,16.4,,,,,,,,17.526530612244894
11,30,17.1,17.1,16.0,15.3,17.5,16.0,15.6,16.0,19.2,18.2,17.2,17.2,16.4,17.6,21.5,17.9,17.1,17.6,16.8,18.4,15.8,17.5,17.8,18.5,18.3,16.9,17.6,16.1,17.5,20.7,17.5,17.1,17.1,16.4,17.7,19.1,17.5,16.9,17.4,15.6,17.8,17.2,17.3,17.8,16.5,,17.2,18.2,17.6,16.8,,,,,,,,17.369387755102043
12,1,13.8,16.4,16.0,14.6,17.5,16.3,15.6,15.1,18.8,17.8,18.3,16.8,17.1,16.8,21.6,18.2,,18.2,16.5,19.0,16.4,16.7,17.5,18.7,18.2,17.2,18.4,18.1,16.7,20.6,17.7,17.4,17.0,17.5,18.2,19.1,17.4,17.0,17.7,16.5,17.8,17.5,17.1,18.0,16.3,18.2,18.0,18.3,18.0,16.8,18.0,,,,,,,17.448
12,2,16.4,17.6,16.2,16.0,17.9,16.3,15.0,15.8,19.2,17.3,18.5,17.6,17.2,16.8,20.2,19.6,,18.0,17.2,19.4,16.6,18.4,18.1,18.5,18.3,17.5,18.4,17.1,17.4,21.6,18.1,17.8,18.1,17.2,18.2,19.3,17.1,16.9,17.9,15.8,18.3,17.5,16.6,18.2,18.2,18.3,16.8,18.0,18.2,16.2,17.0,,,,,,,17.676000000000002
12,3,17.7,17.3,15.2,16.6,17.8,15.8,14.5,16.4,19.2,18.1,18.0,18.0,17.8,16.0,21.2,17.9,,18.5,17.5,19.3,17.0,18.3,18.0,18.5,17.0,17.7,18.2,15.7,17.2,21.3,18.1,17.5,17.8,16.9,18.5,19.1,17.0,17.3,18.0,16.6,17.5,17.5,17.6,18.6,17.9,18.2,17.0,18.2,18.6,16.0,16.7,,,,,,,17.646
12,4,17.6,18.1,16.2,16.8,17.8,15.4,16.5,16.7,19.8,18.0,18.4,17.4,17.4,16.9,21.6,18.5,,17.6,17.8,18.6,17.5,17.6,18.3,19.0,17.6,17.5,18.1,17.4,17.3,21.2,16.7,17.8,17.7,16.2,17.9,19.3,17.1,17.0,18.0,16.1,18.6,17.3,16.9,18.2,18.0,18.4,17.7,18.1,18.2,16.4,17.9,,,,,,,17.762000000000004
12,5,16.7,17.2,15.8,17.1,18.2,16.5,16.0,16.8,19.2,17.1,17.8,17.6,17.6,16.8,22.0,18.7,,18.6,18.4,18.5,17.2,18.0,17.6,18.5,17.8,17.6,18.1,17.2,17.8,22.0,17.8,18.5,17.4,16.5,18.4,18.6,17.0,17.3,17.9,16.6,18.8,17.1,17.4,18.2,17.0,18.8,17.8,17.9,18.0,17.4,18.2,,,,,,,17.819999999999997
12,6,17.9,17.4,16.8,17.8,18.2,16.5,16.6,16.4,19.4,17.2,18.2,18.1,17.6,16.2,21.2,19.0,,18.8,18.4,18.6,18.8,18.1,18.3,18.9,17.5,17.5,17.9,17.4,16.5,21.2,18.0,18.3,17.6,16.5,18.4,18.4,17.4,17.0,17.9,17.1,16.9,17.2,17.7,18.5,18.1,18.5,18.3,18.2,17.7,17.4,17.5,,,,,,,17.9
12,7,17.0,17.0,16.8,17.5,18.4,16.0,16.7,16.2,19.7,16.6,16.9,18.2,18.2,16.4,21.8,17.6,,19.0,18.8,19.0,18.4,17.6,17.2,19.1,18.9,17.3,18.6,18.1,17.4,21.5,16.8,18.0,17.8,17.2,18.5,18.9,17.4,16.4,17.6,16.4,17.2,17.5,17.0,18.1,18.7,18.8,17.8,18.4,17.8,16.4,17.7,,,,,,,17.846
12,8,17.2,17.8,16.5,16.5,19.3,15.8,15.1,16.4,19.5,17.3,18.2,18.1,18.2,16.9,22.2,18.4,,19.0,18.4,19.1,18.5,17.3,17.6,19.0,18.0,17.4,18.7,17.8,16.9,22.0,17.2,18.0,18.4,16.8,18.5,18.4,18.0,17.0,17.4,16.6,18.5,17.7,17.8,18.1,19.4,19.2,17.4,18.0,18.0,16.6,17.2,,,,,,,17.945999999999998
12,9,17.8,17.7,16.7,15.5,18.8,16.2,15.7,16.6,18.8,17.4,18.8,17.8,18.0,15.8,22.2,18.0,,19.1,18.6,19.0,16.9,18.0,19.0,19.2,18.0,17.3,19.1,17.2,18.0,22.1,17.1,17.0,17.3,17.0,18.8,18.5,18.0,17.4,18.0,15.9,18.2,17.5,16.9,18.6,18.3,19.1,18.2,18.4,18.2,16.8,17.2,,,,,,,17.914
12,10,18.2,18.0,17.2,15.6,18.4,15.9,16.6,15.2,19.4,17.6,16.2,19.3,17.8,17.5,22.6,17.8,,19.1,18.4,19.4,18.0,16.9,16.3,19.1,17.6,17.7,18.5,17.6,17.2,22.2,17.5,17.0,17.4,17.0,17.5,18.9,18.4,17.3,18.2,16.0,18.5,18.0,16.8,18.5,18.3,19.1,18.7,18.9,18.0,16.0,17.0,,,,,,,17.886
12,11,17.8,17.0,17.0,16.6,19.8,16.3,16.6,15.6,19.8,17.1,18.2,19.4,18.3,17.0,22.4,19.0,,18.7,18.2,18.0,17.6,16.5,17.7,19.2,17.6,17.7,19.2,17.4,17.4,22.7,17.6,17.8,17.9,16.8,17.3,18.5,18.4,16.8,18.3,17.4,18.9,17.8,17.9,18.5,18.5,18.6,18.2,19.6,18.2,16.2,17.7,,,,,,,18.053999999999995
12,12,17.4,18.1,16.4,16.4,19.4,16.7,16.2,16.5,19.2,17.5,17.3,19.4,18.3,17.2,21.7,19.2,,17.8,19.2,18.6,18.0,17.0,17.2,19.4,18.3,18.5,19.2,17.1,16.7,22.2,17.8,17.4,18.2,17.6,18.7,18.4,18.0,17.8,18.8,17.2,18.0,17.8,17.3,18.5,18.2,18.8,18.2,19.2,17.2,17.0,17.7,,,,,,,18.078000000000003
12,13,17.6,18.5,17.0,15.6,19.8,16.4,14.6,17.1,20.1,16.8,17.5,18.8,18.5,17.2,21.4,20.0,,19.4,20.1,18.9,18.0,16.8,17.3,17.7,17.9,17.9,19.2,16.5,17.6,22.5,19.2,16.8,18.1,17.9,17.7,18.6,18.7,18.4,18.9,16.6,18.5,17.6,17.3,17.8,18.6,18.7,18.8,19.4,17.0,17.4,17.5,,,,,,,18.124
12,14,17.2,17.3,16.6,16.5,20.1,16.4,16.8,15.6,19.4,18.6,16.0,19.2,17.7,17.3,22.2,19.5,,17.8,19.9,17.7,18.4,17.3,16.7,18.7,17.4,19.2,19.3,16.5,16.9,22.7,18.6,17.8,18.6,17.3,18.2,19.1,19.3,17.3,18.6,16.6,18.9,17.8,16.7,18.3,18.9,19.0,18.2,19.6,17.2,17.4,17.7,,,,,,,18.119999999999997
12,15,17.3,18.0,16.8,16.0,20.2,16.1,16.3,16.4,20.3,18.8,15.5,19.6,16.5,18.4,21.9,19.7,,18.2,19.4,19.1,17.8,17.3,17.9,19.0,17.9,19.0,18.4,16.9,17.3,22.1,18.0,17.8,17.5,17.2,18.1,18.9,19.8,17.8,17.8,16.8,18.8,17.5,16.6,18.2,19.3,18.4,17.6,19.4,18.2,17.8,18.3,,,,,,,18.157999999999994
12,16,18.4,19.0,16.6,16.4,20.4,16.3,16.0,16.4,18.4,18.5,16.5,18.6,18.1,17.8,22.1,19.7,,18.1,20.3,18.4,17.8,18.6,17.2,18.5,17.5,18.3,19.0,16.5,17.7,22.6,19.0,17.6,18.2,17.0,18.5,18.6,18.7,18.1,18.8,17.5,18.5,17.9,17.6,18.4,18.3,18.8,17.9,19.4,17.2,17.0,18.0,,,,,,,18.214000000000002
12,17,18.0,18.8,17.6,16.6,19.8,16.3,15.6,16.9,20.8,18.0,17.5,18.9,18.2,18.2,21.8,19.3,,18.0,19.6,18.5,18.2,17.0,17.4,17.2,16.9,18.4,19.8,17.0,17.2,22.6,18.8,18.5,18.0,17.6,19.5,18.5,19.6,18.5,18.8,17.2,18.5,19.2,17.1,18.7,19.2,18.8,19.0,20.2,18.0,17.2,18.5,,,,,,,18.39
12,18,18.2,19.0,17.7,17.8,21.3,16.5,16.2,17.3,20.8,18.4,18.2,18.2,17.8,19.0,21.8,18.8,,17.8,19.0,17.5,18.1,17.8,17.3,18.8,17.9,18.3,19.4,17.3,17.7,22.5,18.8,18.8,18.4,18.8,19.1,18.6,18.2,19.4,19.0,17.1,18.4,19.7,18.1,17.7,19.1,18.8,18.4,19.0,18.4,17.2,19.2,,,,,,,18.532000000000004
12,19,19.6,18.3,16.8,18.4,20.0,16.2,16.4,18.3,21.0,18.8,18.0,19.7,17.9,18.8,21.6,18.4,,17.4,19.7,18.0,18.2,17.4,17.4,19.4,18.8,18.4,19.5,17.3,18.1,23.1,19.1,18.0,18.3,19.1,19.7,18.4,19.2,20.0,19.1,17.6,19.1,19.5,17.1,17.6,18.8,19.0,18.4,20.0,19.0,18.2,19.0,,,,,,,18.702
12,20,18.0,18.5,15.8,17.7,20.9,17.0,16.4,18.1,21.6,18.8,17.5,19.5,19.6,18.2,22.4,20.0,,18.7,19.7,18.6,19.1,17.8,17.0,19.5,18.7,17.5,19.6,18.0,17.9,22.5,18.8,18.0,19.3,18.4,19.6,19.6,19.2,19.0,18.3,17.4,19.4,18.8,17.4,18.3,19.3,18.9,18.8,20.2,19.0,18.0,19.2,,,,,,,18.789999999999996
12,21,18.2,18.6,17.0,17.0,20.5,16.6,16.8,18.0,21.0,18.5,17.0,19.1,19.5,18.6,22.2,19.8,,18.6,19.8,18.0,17.7,17.7,17.8,19.0,18.0,18.7,19.4,17.9,18.0,22.4,19.5,17.8,18.0,18.4,19.5,18.1,18.7,19.7,18.8,17.2,19.0,19.5,17.3,18.2,19.0,19.0,18.0,19.8,18.6,17.8,,,,,,,,18.63877551020408
12,22,19.2,18.0,16.4,17.0,20.5,18.0,16.8,17.2,20.8,19.0,17.8,19.2,19.8,17.8,22.5,19.8,,18.8,19.7,19.0,18.7,18.3,18.2,19.7,19.3,19.5,19.1,16.4,18.7,23.0,17.8,18.0,18.7,19.5,18.4,19.1,17.9,19.7,18.7,17.2,18.7,19.2,18.0,18.2,19.7,19.2,17.8,20.0,18.6,17.0,,,,,,,,18.767346938775518
12,23,18.5,18.0,16.7,17.7,20.2,17.2,16.2,17.9,19.8,19.8,18.4,19.0,18.4,17.0,22.5,20.2,,18.4,20.1,19.6,16.8,18.8,18.3,19.0,18.8,18.3,20.2,17.6,18.6,22.5,17.9,18.2,19.1,19.0,18.8,19.0,18.0,19.4,19.0,17.7,19.1,19.1,17.6,17.6,18.9,19.0,18.4,20.0,19.4,17.1,,,,,,,,18.710204081632657
12,24,19.5,18.0,16.8,18.8,20.6,18.0,17.1,18.7,20.0,18.3,18.2,17.9,19.1,18.2,22.7,19.6,,18.8,20.1,19.1,17.9,18.0,18.7,18.3,19.5,17.7,19.7,17.5,18.3,22.4,18.7,17.9,19.7,18.5,17.8,19.0,18.4,19.4,19.0,17.9,19.3,19.1,17.9,17.8,19.8,19.3,18.2,20.4,19.2,17.0,,,,,,,,18.81224489795918
12,25,18.3,18.6,17.0,18.3,20.7,17.0,18.0,18.0,21.0,18.5,17.8,20.0,19.0,18.2,22.5,19.5,,19.9,19.6,19.2,18.3,18.5,18.4,19.2,19.6,18.0,20.2,18.5,18.5,22.6,19.9,18.0,19.7,19.2,19.1,19.0,19.4,19.9,18.8,17.9,18.2,19.2,17.9,18.3,19.6,19.1,18.0,20.0,19.0,17.2,,,,,,,,18.985714285714288
12,26,18.2,18.4,16.8,18.4,21.0,17.7,18.0,17.4,19.6,18.3,18.5,19.0,17.5,18.0,22.4,19.7,,18.9,19.5,19.0,19.0,18.6,18.6,19.4,19.0,18.0,20.6,17.9,18.6,22.8,19.7,18.7,19.8,19.0,18.5,19.4,18.3,19.6,19.0,17.7,19.4,19.4,17.9,18.6,19.1,19.2,18.2,20.0,19.4,17.2,,,,,,,,18.916326530612245
12,27,18.2,19.7,17.4,17.8,21.2,17.7,17.3,18.8,21.0,18.7,18.6,19.4,18.3,18.2,23.1,20.8,,20.0,20.0,19.3,19.0,18.5,18.9,20.1,18.9,18.7,20.9,19.2,18.6,23.3,18.8,19.1,19.9,19.0,19.2,19.8,19.1,20.2,19.0,18.1,18.4,19.0,18.6,19.8,19.1,18.9,18.2,19.8,19.8,17.4,,,,,,,,19.240816326530613
12,28,18.2,18.8,17.0,19.2,20.6,16.4,17.7,18.6,19.3,18.6,19.8,20.0,18.4,18.0,22.8,19.7,,20.2,20.9,19.7,18.1,18.3,19.3,20.5,18.7,18.9,21.0,18.9,18.5,23.2,18.9,18.8,19.4,18.4,18.9,18.9,19.5,20.6,18.8,17.0,17.8,19.2,18.2,19.8,19.1,19.3,18.0,20.2,19.0,18.6,,,,,,,,19.13673469387755
12,29,18.0,18.8,16.2,19.4,20.5,16.3,17.2,18.2,19.9,18.5,19.0,19.0,18.5,18.5,22.9,19.4,,20.7,21.1,18.3,18.2,18.0,19.8,19.9,18.7,19.6,20.6,19.2,19.0,22.9,18.9,18.4,19.8,19.7,19.4,19.5,19.8,20.0,19.1,18.4,17.4,19.9,17.9,18.8,18.7,19.2,18.2,20.2,18.8,18.0,,,,,,,,19.11020408163265
12,30,18.2,18.9,16.5,19.4,21.2,17.3,18.4,18.6,20.4,18.6,19.2,18.5,18.8,18.5,23.6,20.5,,18.9,20.8,18.6,18.5,17.4,19.8,20.1,18.5,19.1,20.6,19.6,19.8,22.9,18.7,18.4,18.4,17.8,19.4,19.9,19.3,19.6,19.4,17.6,17.4,19.6,18.3,20.0,18.8,19.5,18.2,20.1,19.5,18.6,,,,,,,,19.177551020408163
12,31,18.8,19.8,17.0,18.8,20.9,16.8,18.0,19.1,21.0,18.3,19.1,19.2,19.6,20.2,23.2,20.0,,,21.0,18.7,18.7,18.5,20.4,20.4,18.8,19.4,20.7,18.4,19.7,23.7,19.7,18.5,20.1,18.4,19.6,18.7,19.4,20.2,19.9,19.0,19.4,20.1,17.7,20.6,19.3,19.7,19.4,,18.8,,,,,,,,,19.493478260869566
